1,8,flower
2,3,banana
2,2,lamp
3,2,hut
3,1,pineapple
4,6,bell
5,2,frog
5,3,shark
6,2,ball
6,2,pumpkin
7,3,dog
7,3,mango
8,1,shark
8,2,dog
9,7,car
10,3,dog
11,5,pig
12,4,cap
12,1,sun
13,1,shark
13,2,hut
14,8,car
15,1,tree
16,4,pencil
17,3,ant
17,3,corn
18,1,bird
18,2,banana
19,5,umbrella
20,4,balloon
21,7,pig
22,6,pencil
22,2,zirafah
23,1,elephant
23,3,eapot
24,1,tree
25,8,owl
26,3,ant
27,7,top
27,1,corn
28,6,balloon
29,2,teddy
29,7,apple
30,3,elephant
31,7,hut
32,2,frog
33,1,ladybug
33,2,ant
34,6,fish
34,1,car
35,4,owl
35,1,frog
36,2,zirafah
37,7,fish
38,3,lollipop
38,6,sun
39,1,zirafah
40,8,mango
41,4,elephant
41,1,cup
42,2,butterfly
43,4,ant
43,5,dog
44,4,teddy
45,1,lollipop
46,1,car
46,3,ladybug
47,1,ball
48,2,bird
48,4,corn
49,1,mango
49,7,zirafah
50,6,teddy
51,9,caterpillar
52,1,ant
52,4,ball
53,7,frog
54,4,cupcake
54,5,fish
55,4,top
55,3,icecream
56,1,apple
56,5,ball
57,9,umbrella
58,3,fish
58,6,balloon
59,2,cup
59,6,ladybug
60,1,apple
60,7,cap
61,5,owl
61,2,orange
62,6,balloon
62,1,cap
63,6,umbrella
64,5,pig
65,6,duck
65,1,banana
66,2,fish
67,4,cap
67,2,carrot
68,3,apple
68,2,lollipop
69,1,shark
70,4,cow
70,2,icecream
71,3,shark
72,6,cap
72,3,pig
73,8,cow
74,3,eapot
75,2,spider
76,5,rabbit
76,4,apple
77,1,mango
77,7,rabbit
78,2,caterpillar
78,3,icecream
79,4,lollipop
79,2,orange
80,7,bell
81,7,octopus
82,6,shark
83,7,corn
84,3,lamp
84,1,flower
85,2,bird
85,2,ant
86,1,bird
86,2,pineapple
87,4,octopus
88,9,orange
89,2,hut
90,7,elephant
91,6,cupcake
92,5,duck
93,2,lion
93,5,bird
94,4,icecream
94,1,cupcake
95,5,banana
96,5,apple
96,4,cup
97,1,pumpkin
97,8,top
98,1,hut
98,4,banana
99,9,caterpillar
100,3,mango
101,9,tree
102,4,cap
102,5,owl
103,9,duck
104,1,sun
104,2,dog
105,1,butterfly
105,4,cup
106,6,ant
107,6,tree
108,5,cow
108,4,fish
109,4,cup
110,8,ladybug
111,9,cap
112,2,pumpkin
112,3,caterpillar
113,6,pig
113,1,dog
114,1,ant
114,6,ladybug
115,1,bird
116,3,tree
117,5,balloon
118,1,cow
118,2,pumpkin
119,2,eapot
120,4,ladybug
121,2,elephant
122,7,ant
122,2,ball
123,1,lamp
123,2,balloon
124,1,spider
125,1,owl
125,5,bird
126,4,lion
126,2,top
127,7,eapot
128,1,pumpkin
128,4,fish
129,1,owl
129,2,fish
130,9,octopus
131,2,corn
131,6,rabbit
132,8,lamp
133,1,flower
133,6,pumpkin
134,4,tree
135,9,car
136,1,duck
136,5,cow
137,5,lion
137,2,pineapple
138,2,pencil
138,4,icecream
139,9,banana
140,6,cup
140,2,ant
141,8,shark
141,1,elephant
142,1,balloon
142,4,teddy
143,3,caterpillar
143,1,owl
144,2,sun
144,2,top
145,1,ladybug
145,2,cupcake
146,3,balloon
146,4,pineapple
147,2,zirafah
147,6,carrot
148,8,ball
148,1,lollipop
149,4,cow
149,4,elephant
150,2,teddy
151,7,snake
152,2,top
152,4,lion
153,6,zirafah
154,1,octopus
154,5,cupcake
155,9,carrot
156,1,lollipop
156,2,carrot
157,3,corn
158,5,top
158,1,apple
159,3,pumpkin
159,2,bird
160,1,frog
160,2,caterpillar
161,2,owl
161,3,cow
162,2,carrot
162,2,octopus
163,1,pineapple
164,8,caterpillar
164,1,carrot
165,8,frog
166,5,balloon
166,1,pencil
167,1,spider
167,3,lion
168,5,lollipop
169,1,eapot
169,5,frog
170,2,carrot
170,4,butterfly
171,1,frog
172,3,fish
172,3,lion
173,7,banana
174,3,icecream
174,1,lion
175,3,butterfly
175,6,owl
176,1,butterfly
176,2,shark
177,5,rabbit
177,3,icecream
178,8,eapot
179,7,hut
179,1,ant
180,2,duck
181,4,duck
182,1,flower
183,7,zirafah
183,2,carrot
184,7,dog
185,1,ant
185,2,butterfly
186,2,cup
186,1,eapot
187,5,frog
188,9,cup
189,6,ball
190,3,icecream
190,3,apple
191,6,car
192,6,eapot
193,5,lion
194,5,lollipop
194,2,cow
195,1,frog
195,2,pumpkin
196,2,mango
197,1,flower
197,5,owl
198,1,corn
198,4,hut
199,8,banana
200,2,pig
201,8,eapot
202,1,tree
202,5,eapot
203,4,car
204,6,ladybug
205,3,banana
205,6,car
206,3,duck
207,1,owl
207,3,dog
208,7,bird
209,2,caterpillar
210,2,banana
210,1,sun
211,1,cup
211,2,icecream
212,4,caterpillar
212,3,rabbit
213,2,cap
214,3,cow
214,3,carrot
215,1,pumpkin
216,5,lamp
217,9,top
218,1,bird
218,6,orange
219,4,tree
220,6,top
221,1,apple
221,8,rabbit
222,5,pumpkin
222,3,cap
223,2,teddy
223,1,mango
224,4,banana
224,1,rabbit
225,2,duck
226,1,lion
226,4,butterfly
227,1,icecream
228,3,cow
228,6,umbrella
229,3,cow
230,2,caterpillar
231,1,ladybug
231,6,orange
232,5,rabbit
232,1,top
233,2,lion
233,2,teddy
234,1,ladybug
234,6,umbrella
235,1,dog
235,6,eapot
236,7,hut
237,2,flower
238,8,apple
239,5,lion
240,5,pineapple
240,4,caterpillar
241,4,carrot
242,1,lollipop
242,8,ball
243,4,banana
244,1,dog
244,4,ant
245,6,shark
246,1,caterpillar
246,2,flower
247,2,cow
248,1,orange
248,7,spider
249,9,duck
250,2,balloon
250,2,rabbit
251,5,ball
251,1,flower
252,3,flower
252,4,spider
253,4,sun
254,7,pumpkin
255,7,tree
255,1,butterfly
256,7,butterfly
257,2,lollipop
258,7,ladybug
258,2,fish
259,4,teddy
260,3,icecream
261,1,bird
261,5,balloon
262,1,lamp
263,2,fish
263,1,ball
264,2,rabbit
265,1,cup
265,4,eapot
266,1,spider
266,2,car
267,3,duck
267,1,cow
268,2,banana
268,7,top
269,8,butterfly
269,1,elephant
270,5,pencil
270,2,orange
271,7,apple
271,2,fish
272,2,fish
272,2,bird
273,2,caterpillar
273,1,duck
274,3,tree
274,2,caterpillar
275,4,umbrella
275,1,frog
276,4,bird
277,1,umbrella
277,2,flower
278,1,ball
278,8,shark
279,3,carrot
279,5,owl
280,1,pineapple
281,3,lion
281,2,banana
282,2,elephant
282,1,banana
283,2,rabbit
284,3,frog
284,4,apple
285,2,shark
285,1,duck
286,5,dog
286,2,pumpkin
287,4,banana
288,2,lion
288,4,corn
289,7,banana
289,1,cup
290,2,lion
290,7,spider
291,2,lollipop
291,7,pineapple
292,8,lion
293,4,apple
294,4,eapot
295,1,flower
295,5,teddy
296,4,balloon
296,1,tree
297,5,hut
298,7,corn
299,1,umbrella
299,4,ball
300,1,sun
300,6,caterpillar
301,7,apple
302,5,pencil
302,1,rabbit
303,3,shark
304,2,fish
305,6,pineapple
306,5,cup
307,1,caterpillar
307,3,zirafah
308,3,tree
309,6,elephant
310,2,sun
310,7,bird
311,1,flower
311,6,fish
312,2,duck
312,7,cupcake
313,6,eapot
314,7,butterfly
314,2,mango
315,6,icecream
315,2,pencil
316,1,cupcake
316,2,orange
317,4,banana
318,1,tree
319,1,ant
319,5,fish
320,1,eapot
320,8,ball
321,1,rabbit
321,2,cap
322,4,umbrella
323,2,spider
323,5,cap
324,1,eapot
324,4,orange
325,3,pencil
326,1,cap
327,1,lion
327,4,bird
328,7,pumpkin
328,1,duck
329,1,hut
329,5,orange
330,8,flower
331,7,dog
332,1,top
332,2,cupcake
333,5,pumpkin
334,9,cow
335,7,ball
335,1,pig
336,2,lollipop
336,3,flower
337,2,banana
337,4,snake
338,3,mango
338,4,caterpillar
339,2,lamp
339,1,frog
340,3,apple
341,2,cupcake
341,2,ant
342,8,pumpkin
343,3,shark
343,6,bird
344,2,rabbit
344,2,balloon
345,1,hut
346,5,cow
346,4,lion
347,1,fish
348,2,shark
348,3,teddy
349,4,orange
349,1,octopus
350,1,ladybug
350,3,butterfly
351,9,umbrella
352,4,spider
352,4,zirafah
353,8,umbrella
354,5,elephant
355,2,carrot
356,1,spider
357,1,caterpillar
357,2,fish
358,1,cap
358,3,fish
359,2,ball
360,9,elephant
361,6,lollipop
361,3,lion
362,1,icecream
362,2,top
363,9,apple
364,1,pencil
364,8,apple
365,9,tree
366,2,pumpkin
367,1,cup
367,5,spider
368,5,lion
369,3,ladybug
370,4,ball
371,1,ladybug
372,6,corn
373,2,ant
374,3,shark
374,1,caterpillar
375,7,frog
376,8,cup
377,3,owl
378,3,pencil
378,2,umbrella
379,1,pencil
379,7,rabbit
380,7,cap
381,5,banana
382,3,hut
382,6,owl
383,2,duck
384,7,snake
385,1,caterpillar
385,3,balloon
386,9,ladybug
387,7,pig
388,2,fish
388,1,icecream
389,1,lamp
390,4,flower
391,5,flower
392,2,frog
392,1,ant
393,9,caterpillar
394,1,lamp
394,7,pencil
395,8,zirafah
396,8,car
396,1,snake
397,6,cupcake
398,1,top
399,3,icecream
400,8,banana
401,1,car
401,5,corn
402,6,elephant
402,1,owl
403,1,cup
403,8,duck
404,4,octopus
404,5,teddy
405,2,shark
406,1,bird
406,5,corn
407,5,teddy
408,2,pig
409,2,corn
410,8,hut
411,1,frog
411,5,banana
412,6,top
412,2,pumpkin
413,8,ant
414,6,snake
415,2,pig
415,5,eapot
416,1,cupcake
416,4,carrot
417,8,elephant
418,1,rabbit
418,7,cupcake
419,2,banana
420,6,orange
420,3,corn
421,2,cap
421,1,pumpkin
422,2,lion
423,1,duck
423,7,spider
424,6,fish
425,4,icecream
426,4,tree
427,8,dog
428,6,lion
429,6,cow
430,1,banana
431,3,zirafah
432,1,ladybug
432,2,frog
433,1,spider
433,2,lollipop
434,1,corn
434,6,owl
435,4,lollipop
436,3,cupcake
436,4,cow
437,3,lollipop
437,6,shark
438,5,pencil
439,7,pumpkin
439,1,ladybug
440,6,duck
441,1,octopus
442,3,caterpillar
443,8,cow
444,7,pineapple
444,2,lollipop
445,5,icecream
445,1,cupcake
446,2,snake
446,4,ladybug
447,3,lion
447,1,zirafah
448,4,bird
449,3,hut
449,6,flower
450,1,ant
450,3,caterpillar
451,4,flower
452,5,umbrella
452,4,fish
453,4,orange
454,6,apple
455,2,tree
455,3,mango
456,2,butterfly
456,5,dog
457,9,top
458,1,zirafah
458,2,apple
459,4,pineapple
460,7,icecream
461,9,pencil
462,4,pineapple
463,7,pig
464,1,pig
464,7,umbrella
465,3,ball
466,7,fish
467,3,owl
468,2,pencil
468,1,orange
469,7,cup
469,2,corn
470,8,umbrella
471,1,duck
471,2,flower
472,3,owl
472,1,corn
473,1,cupcake
473,2,eapot
474,5,frog
475,5,fish
475,3,hut
476,5,apple
477,8,sun
478,6,zirafah
479,1,ant
479,6,dog
480,9,elephant
481,8,sun
482,6,lollipop
482,3,cap
483,3,hut
483,1,ant
484,3,octopus
485,2,bird
485,4,ladybug
486,8,butterfly
487,1,flower
488,6,ball
489,4,butterfly
490,2,hut
490,4,flower
491,1,banana
491,5,snake
492,5,teddy
492,2,hut
493,2,pig
494,2,caterpillar
495,1,cupcake
495,4,carrot
496,6,cup
496,3,ladybug
497,9,car
498,4,butterfly
498,4,shark
499,3,ball
499,1,banana
500,7,eapot
501,1,ball
501,2,dog
502,6,eapot
503,4,sun
504,6,lollipop
505,2,top
505,6,owl
506,7,pineapple
507,2,butterfly
507,4,eapot
508,1,banana
508,2,octopus
509,5,car
509,2,cupcake
510,4,dog
510,2,zirafah
511,6,pig
512,5,shark
512,1,zirafah
513,1,banana
513,5,duck
514,7,snake
515,2,rabbit
515,2,ladybug
516,6,shark
516,3,elephant
517,2,dog
518,1,owl
518,7,butterfly
519,5,lollipop
519,2,caterpillar
520,5,eapot
520,3,dog
521,6,ant
522,3,butterfly
522,4,mango
523,9,caterpillar
524,1,mango
524,6,corn
525,1,banana
526,2,balloon
526,7,ball
527,3,caterpillar
527,6,cup
528,7,pineapple
529,2,pineapple
529,3,fish
530,8,bird
531,1,ball
531,4,eapot
532,2,umbrella
532,2,cupcake
533,4,owl
533,4,icecream
534,3,orange
535,3,car
536,4,fish
537,5,top
538,2,dog
539,3,elephant
539,1,pencil
540,5,ant
541,3,ant
542,7,rabbit
543,1,car
543,2,pencil
544,2,duck
544,3,mango
545,5,bell
546,6,butterfly
546,1,dog
547,6,pencil
548,1,fish
549,3,sun
549,6,octopus
550,7,apple
551,4,pineapple
552,3,zirafah
552,1,banana
553,2,snake
553,4,ant
554,5,orange
555,4,pencil
555,3,lamp
556,3,pineapple
557,3,pencil
558,3,pumpkin
559,2,owl
559,4,eapot
560,3,banana
561,3,ant
562,9,eapot
563,8,duck
564,1,lion
565,3,snake
565,3,fish
566,2,flower
567,6,elephant
567,1,teddy
568,1,octopus
569,2,balloon
570,8,zirafah
571,2,banana
572,7,lamp
572,2,banana
573,1,fish
573,2,teddy
574,1,top
574,8,snake
575,4,corn
575,4,ball
576,1,carrot
576,2,banana
577,2,spider
577,5,eapot
578,9,ladybug
579,4,ladybug
579,1,pumpkin
580,1,orange
580,2,flower
581,6,apple
581,1,car
582,9,orange
583,8,balloon
584,1,icecream
584,5,balloon
585,7,mango
586,1,zirafah
586,3,rabbit
587,1,cow
587,6,octopus
588,4,lollipop
589,2,umbrella
589,3,snake
590,6,icecream
590,2,pencil
591,6,ball
592,4,rabbit
592,2,umbrella
593,1,cap
593,4,umbrella
594,7,icecream
594,1,rabbit
595,8,pig
596,4,flower
596,3,lollipop
597,9,fish
598,4,carrot
599,9,eapot
600,3,ant
600,2,umbrella
601,2,lion
601,5,cupcake
602,3,lamp
602,4,snake
603,1,orange
603,6,umbrella
604,1,teddy
605,3,hut
606,7,lollipop
607,3,pig
607,3,pencil
608,2,pineapple
609,1,zirafah
610,2,ladybug
610,2,pineapple
611,6,lollipop
612,2,lion
612,3,hut
613,2,banana
613,2,orange
614,2,cup
614,5,ladybug
615,1,ladybug
615,2,balloon
616,5,pencil
617,2,car
617,3,duck
618,3,apple
619,3,pumpkin
620,8,lollipop
621,5,lamp
621,4,icecream
622,1,ball
622,2,cap
623,2,car
623,2,flower
624,1,cap
624,3,sun
625,4,lamp
626,1,banana
626,8,fish
627,6,mango
628,6,butterfly
628,1,car
629,1,octopus
629,6,owl
630,7,spider
630,1,lion
631,9,lion
632,8,teddy
633,4,icecream
634,8,lollipop
635,6,spider
636,4,bird
637,4,car
637,4,cup
638,7,corn
639,5,car
639,3,corn
640,6,spider
641,3,balloon
641,3,icecream
642,5,frog
643,2,shark
644,6,octopus
645,1,umbrella
645,3,corn
646,2,fish
647,6,lollipop
648,6,owl
649,2,zirafah
649,4,rabbit
650,3,pineapple
650,4,hut
651,7,octopus
651,1,car
652,2,ball
652,3,corn
653,1,cow
653,6,owl
654,1,shark
655,5,pencil
655,2,cap
656,2,zirafah
657,4,bird
657,2,shark
658,9,orange
659,1,orange
659,6,owl
660,9,flower
661,2,cow
662,9,frog
663,4,tree
663,1,owl
664,4,snake
664,2,lollipop
665,8,corn
666,8,apple
667,6,eapot
667,2,snake
668,1,spider
668,5,eapot
669,1,hut
669,4,banana
670,7,butterfly
671,1,flower
671,8,pencil
672,7,caterpillar
673,8,orange
674,7,pig
675,8,ball
676,9,pig
677,2,butterfly
678,1,bird
678,2,lamp
679,3,cup
679,3,rabbit
680,3,owl
681,5,mango
682,7,umbrella
683,7,cow
684,2,lollipop
684,5,rabbit
685,9,zirafah
686,1,pencil
687,8,lion
688,3,top
688,3,umbrella
689,3,shark
689,2,flower
690,5,pumpkin
691,4,mango
691,4,butterfly
692,5,teddy
693,8,octopus
694,2,rabbit
694,2,lamp
695,5,dog
696,1,mango
697,3,bird
697,6,apple
698,1,pineapple
698,2,cow
699,1,lollipop
699,6,eapot
700,1,eapot
700,8,flower
701,5,frog
702,1,elephant
702,7,pumpkin
703,1,dog
703,3,ant
704,7,cup
705,1,frog
705,8,cap
706,1,dog
706,5,zirafah
707,1,pencil
707,6,cow
708,1,fish
709,1,zirafah
709,7,corn
710,6,top
711,4,eapot
712,8,lion
713,8,snake
714,9,cow
715,6,ant
716,1,lion
716,3,carrot
717,1,shark
718,1,pig
719,2,pineapple
719,7,rabbit
720,1,carrot
720,4,zirafah
721,2,tree
722,1,octopus
722,6,spider
723,5,bird
724,3,banana
725,1,rabbit
725,2,carrot
726,8,shark
727,2,banana
727,1,octopus
728,5,spider
729,3,pencil
730,4,hut
731,1,butterfly
732,3,dog
732,2,pig
733,8,pencil
734,8,shark
734,1,corn
735,9,car
736,9,icecream
737,2,corn
738,5,lamp
739,1,zirafah
739,6,ladybug
740,4,spider
741,3,mango
741,2,dog
742,4,apple
743,3,pig
744,5,bird
744,4,lamp
745,6,car
746,8,cow
747,6,cap
747,1,ant
748,4,lion
749,5,pumpkin
750,1,lollipop
750,6,umbrella
751,4,lollipop
751,1,corn
752,1,hut
753,4,orange
753,4,snake
754,8,corn
755,2,flower
755,5,elephant
756,3,frog
756,4,top
757,6,ball
758,3,balloon
759,1,top
759,4,umbrella
760,6,caterpillar
760,1,cap
761,8,lollipop
762,9,apple
763,7,eapot
763,1,frog
764,9,caterpillar
765,9,bird
766,8,icecream
766,1,cap
767,7,pineapple
768,5,pumpkin
769,8,car
769,1,pineapple
770,4,pineapple
771,4,tree
771,1,caterpillar
772,5,elephant
772,3,fish
773,5,ant
774,3,bell
775,6,carrot
776,3,cupcake
776,4,ladybug
777,1,lamp
777,2,elephant
778,3,sun
779,7,sun
779,2,eapot
780,1,pencil
780,2,fish
781,8,ball
782,2,corn
782,1,cap
783,5,shark
784,6,cap
784,1,apple
785,4,mango
785,3,fish
786,1,apple
786,2,lamp
787,4,balloon
788,2,lamp
788,2,orange
789,1,caterpillar
789,4,icecream
790,1,rabbit
790,2,apple
791,1,hut
792,6,elephant
792,1,umbrella
793,2,top
794,4,butterfly
794,2,hut
795,6,flower
796,1,rabbit
796,4,frog
797,9,butterfly
798,2,butterfly
799,1,umbrella
799,2,elephant
800,1,bird
800,3,lion
801,7,cupcake
802,7,pumpkin
803,9,duck
804,1,balloon
804,4,caterpillar
805,1,snake
806,5,mango
806,4,elephant
807,3,mango
807,4,pig
808,3,owl
808,1,hut
809,6,octopus
810,7,cap
810,1,banana
811,1,carrot
811,5,cupcake
812,3,lollipop
813,1,sun
813,5,shark
814,1,bird
814,4,eapot
815,5,pig
816,1,mango
817,2,eapot
817,2,butterfly
818,6,cup
819,3,cow
819,4,lamp
820,4,car
821,3,duck
822,6,sun
823,8,owl
824,7,ball
825,1,spider
826,1,duck
826,3,lollipop
827,9,elephant
828,1,hut
828,7,corn
829,8,pig
830,2,fish
831,1,car
831,8,banana
832,2,sun
832,4,frog
833,8,sun
834,2,cow
834,5,cup
835,1,zirafah
835,3,corn
836,3,ball
837,2,orange
837,6,spider
838,6,lamp
838,2,car
839,7,sun
840,2,eapot
841,2,car
841,1,icecream
842,2,octopus
843,1,pig
843,7,pineapple
844,5,dog
844,3,ladybug
845,5,ball
845,2,rabbit
846,2,shark
846,1,sun
847,3,flower
847,3,pumpkin
848,8,carrot
849,1,zirafah
849,4,duck
850,9,lion
851,2,ball
851,5,elephant
852,5,sun
852,2,shark
853,5,ant
853,4,hut
854,4,owl
854,2,umbrella
855,3,cup
855,6,elephant
856,4,eapot
856,5,ladybug
857,7,shark
858,7,snake
859,8,snake
860,8,spider
860,1,sun
861,8,apple
862,4,ant
863,3,orange
863,3,duck
864,4,mango
864,2,hut
865,3,snake
865,4,top
866,3,mango
866,2,top
867,9,fish
868,7,dog
868,1,shark
869,1,pig
869,2,apple
870,5,pig
871,1,top
871,4,apple
872,1,duck
872,8,car
873,3,pig
874,9,orange
875,7,pineapple
876,2,shark
876,1,cupcake
877,4,cow
878,2,octopus
878,2,ant
879,7,carrot
880,7,cup
881,3,butterfly
881,4,car
882,9,frog
883,4,lion
883,5,lamp
884,2,rabbit
884,4,orange
885,1,octopus
886,5,spider
886,4,ladybug
887,2,corn
887,1,pencil
888,4,caterpillar
888,2,duck
889,1,cow
889,6,owl
890,5,orange
891,7,flower
891,2,pineapple
892,1,caterpillar
893,2,ladybug
893,1,cow
894,1,ant
894,6,hut
895,3,top
896,2,pig
896,3,butterfly
897,5,corn
898,3,top
898,6,mango
899,2,cup
899,2,pumpkin
900,6,mango
900,2,banana
901,7,cup
902,1,umbrella
902,4,flower
903,2,apple
903,1,octopus
904,2,dog
905,2,pencil
906,3,snake
906,6,elephant
907,9,cap
908,1,pig
909,8,top
910,5,owl
911,5,balloon
912,4,teddy
913,1,lamp
913,8,eapot
914,3,pencil
915,1,eapot
915,3,cupcake
916,8,shark
917,1,butterfly
917,2,lollipop
918,1,shark
918,7,duck
919,1,tree
919,4,balloon
920,6,pig
920,1,icecream
921,2,lollipop
921,5,car
922,6,tree
923,2,lion
924,1,elephant
925,5,ladybug
926,4,teddy
927,4,corn
927,2,ball
928,1,bell
929,2,cow
929,2,fish
930,2,banana
930,1,butterfly
931,3,rabbit
932,9,caterpillar
933,6,rabbit
934,2,shark
935,9,frog
936,2,frog
936,4,sun
937,3,shark
938,7,cup
939,1,eapot
939,5,cup
940,2,corn
940,1,cap
941,7,snake
942,2,tree
943,3,duck
944,3,pig
945,4,ant
946,1,ant
947,3,banana
947,1,shark
948,5,cup
949,9,pencil
950,2,rabbit
950,3,snake
951,3,cup
951,1,bird
952,5,apple
953,2,ball
953,3,eapot
954,3,cap
954,4,top
955,2,balloon
956,3,zirafah
956,1,ant
957,2,lion
958,8,elephant
959,3,flower
960,8,ball
961,7,pineapple
962,1,bird
962,3,pineapple
963,7,bell
964,9,orange
965,5,spider
966,1,cow
966,3,hut
967,1,pig
967,2,butterfly
968,4,flower
969,7,elephant
970,4,lamp
971,2,hut
971,2,spider
972,8,carrot
973,2,cup
974,1,carrot
974,5,ball
975,7,car
976,1,lollipop
976,5,top
977,7,sun
978,4,pineapple
979,5,pencil
979,1,teddy
980,4,fish
981,5,top
982,3,orange
983,1,cupcake
983,6,zirafah
984,7,car
985,9,fish
986,2,cupcake
987,3,dog
988,1,pumpkin
988,5,frog
989,4,rabbit
990,2,umbrella
990,7,balloon
991,6,duck
992,5,bell
993,1,icecream
993,7,ant
994,2,lamp
994,1,cow
995,4,pig
995,5,apple
996,5,duck
996,1,sun
997,4,apple
997,5,corn
998,6,duck
998,2,apple
999,3,zirafah
999,1,teddy
1000,3,flower
1001,4,bell
1002,8,carrot
1002,1,fish
1003,7,teddy
1004,2,butterfly
1005,1,shark
1005,3,spider
1006,6,cap
1006,1,shark
1007,6,ant
1008,3,cow
1009,9,teddy
1010,4,sun
1010,2,cupcake
1011,5,car
1012,6,pumpkin
1013,1,lamp
1014,9,orange
1015,1,lollipop
1015,4,banana
1016,1,umbrella
1016,2,banana
1017,1,lollipop
1017,5,cow
1018,1,lollipop
1018,2,shark
1019,3,ant
1019,1,tree
1020,4,shark
1020,2,lollipop
1021,3,ball
1021,2,teddy
1022,4,elephant
1022,3,lollipop
1023,8,mango
1024,4,car
1024,1,lion
1025,3,pencil
1026,5,top
1027,2,pumpkin
1027,4,cap
1028,2,bird
1028,2,cow
1029,1,cow
1029,4,duck
1030,3,carrot
1030,6,ball
1031,6,corn
1031,3,balloon
1032,4,cap
1032,3,top
1033,1,lamp
1034,1,orange
1034,5,ant
1035,2,pig
1035,1,ant
1036,8,bird
1037,2,owl
1038,1,hut
1038,5,lamp
1039,5,icecream
1039,1,owl
1040,1,carrot
1040,2,snake
1041,1,hut
1041,3,rabbit
1042,8,elephant
1043,8,caterpillar
1044,1,pig
1044,7,octopus
1045,9,cupcake
1046,8,pig
1047,1,pencil
1047,4,umbrella
1048,6,octopus
1049,9,cap
1050,4,cow
1050,4,shark
1051,4,ladybug
1052,1,pumpkin
1053,7,owl
1054,4,teddy
1054,1,hut
1055,1,spider
1056,4,butterfly
1057,5,fish
1057,1,banana
1058,7,top
1059,7,lamp
1059,1,umbrella
1060,2,spider
1060,2,bird
1061,1,shark
1061,4,carrot
1062,1,elephant
1062,2,caterpillar
1063,7,butterfly
1064,7,cupcake
1065,5,top
1065,2,tree
1066,2,car
1067,1,owl
1067,7,spider
1068,2,ball
1068,4,pig
1069,9,banana
1070,5,banana
1070,3,spider
1071,8,icecream
1072,9,corn
1073,9,cupcake
1074,2,snake
1074,7,lollipop
1075,4,tree
1075,1,butterfly
1076,6,pineapple
1077,5,spider
1077,2,ant
1078,7,ball
1079,7,ant
1080,1,icecream
1080,5,pumpkin
1081,1,ant
1081,4,carrot
1082,1,caterpillar
1082,4,cup
1083,2,owl
1084,8,dog
1085,1,top
1086,1,balloon
1086,5,car
1087,9,eapot
1088,2,mango
1089,1,lion
1089,5,shark
1090,8,zirafah
1091,8,dog
1092,5,elephant
1092,2,balloon
1093,2,fish
1093,7,shark
1094,1,teddy
1094,3,octopus
1095,1,octopus
1095,3,fish
1096,1,bird
1096,7,tree
1097,2,sun
1097,5,carrot
1098,9,rabbit
1099,2,pig
1100,1,owl
1100,3,apple
1101,9,eapot
1102,9,top
1103,5,car
1104,6,sun
1105,7,orange
1106,2,fish
1106,7,pig
1107,4,zirafah
1108,3,car
1108,3,octopus
1109,1,dog
1109,4,icecream
1110,1,octopus
1111,1,rabbit
1111,3,flower
1112,9,apple
1113,6,zirafah
1114,1,butterfly
1114,5,umbrella
1115,5,ball
1116,3,car
1116,3,cow
1117,7,bird
1117,2,pineapple
1118,4,car
1119,1,cap
1119,4,zirafah
1120,1,banana
1120,3,ant
1121,1,corn
1121,4,lamp
1122,1,tree
1122,8,pig
1123,1,sun
1123,2,duck
1124,5,pineapple
1124,2,ladybug
1125,1,fish
1125,6,tree
1126,9,bird
1127,1,dog
1127,2,carrot
1128,1,butterfly
1128,4,zirafah
1129,5,butterfly
1130,3,mango
1130,6,eapot
1131,1,carrot
1132,7,apple
1133,9,duck
1134,2,tree
1135,9,frog
1136,8,dog
1137,7,cap
1138,4,icecream
1139,1,car
1139,6,caterpillar
1140,2,cap
1140,2,orange
1141,1,pencil
1141,6,eapot
1142,1,hut
1142,3,corn
1143,3,owl
1143,1,cup
1144,1,duck
1144,2,eapot
1145,9,balloon
1146,4,carrot
1147,9,zirafah
1148,2,car
1148,1,owl
1149,6,duck
1149,2,car
1150,1,icecream
1150,5,ladybug
1151,8,ball
1152,3,eapot
1152,2,teddy
1153,2,lamp
1154,4,dog
1155,6,sun
1156,2,icecream
1156,1,snake
1157,1,icecream
1158,4,cow
1159,7,pig
1160,7,pig
1160,1,lollipop
1161,1,balloon
1161,6,apple
1162,2,cow
1163,2,rabbit
1163,1,pig
1164,7,hut
1165,6,pig
1166,1,dog
1166,6,icecream
1167,4,duck
1168,9,hut
1169,7,owl
1170,1,lollipop
1170,2,banana
1171,3,car
1171,6,tree
1172,4,carrot
1172,1,banana
1173,3,cup
1173,3,butterfly
1174,3,sun
1174,3,butterfly
1175,5,frog
1175,3,elephant
1176,1,top
1176,5,caterpillar
1177,2,lion
1177,5,fish
1178,3,balloon
1178,3,butterfly
1179,9,icecream
1180,8,flower
1181,2,corn
1181,3,cap
1182,2,carrot
1182,1,top
1183,2,fish
1184,6,ladybug
1184,3,top
1185,6,car
1185,3,carrot
1186,1,elephant
1186,7,shark
1187,4,car
1187,4,hut
1188,4,pig
1188,4,orange
1189,3,frog
1189,3,banana
1190,1,eapot
1191,1,cup
1191,4,butterfly
1192,1,shark
1192,4,orange
1193,1,apple
1193,4,butterfly
1194,4,lion
1195,3,lollipop
1196,3,cup
1196,1,lollipop
1197,3,butterfly
1197,2,ladybug
1198,2,ladybug
1198,6,fish
1199,4,cup
1200,2,flower
1200,5,owl
1201,3,flower
1202,1,mango
1202,2,apple
1203,1,lion
1203,2,pineapple
1204,5,octopus
1205,4,icecream
1205,4,fish
1206,5,ladybug
1206,3,ball
1207,3,bird
1208,1,cup
1208,2,flower
1209,4,bird
1209,2,corn
1210,6,balloon
1210,1,tree
1211,5,lollipop
1212,5,ant
1212,2,lamp
1213,3,owl
1213,6,elephant
1214,6,elephant
1215,6,apple
1216,9,lollipop
1217,7,mango
1218,5,dog
1218,2,ball
1219,2,top
1219,3,umbrella
1220,1,fish
1220,4,caterpillar
1221,6,tree
1222,5,lion
1223,7,cap
1224,4,duck
1224,4,eapot
1225,1,car
1225,2,carrot
1226,2,shark
1227,1,bird
1227,3,sun
1228,2,corn
1228,1,frog
1229,1,pig
1229,3,hut
1230,8,cow
1230,1,banana
1231,4,lion
1232,1,ball
1232,2,lollipop
1233,1,elephant
1234,4,balloon
1234,2,umbrella
1235,2,cap
1235,2,lamp
1236,1,cupcake
1236,5,lollipop
1237,4,snake
1238,9,banana
1239,4,tree
1240,1,zirafah
1240,7,banana
1241,8,zirafah
1242,2,cap
1243,7,flower
1244,8,balloon
1245,4,bird
1246,4,cup
1247,9,balloon
1248,2,tree
1249,1,fish
1249,4,ladybug
1250,9,zirafah
1251,1,icecream
1252,7,fish
1253,4,tree
1254,4,butterfly
1254,1,bird
1255,5,rabbit
1255,1,butterfly
1256,2,snake
1257,1,flower
1257,5,octopus
1258,5,ant
1258,4,corn
1259,2,owl
1259,2,cow
1260,1,icecream
1260,4,snake
1261,4,carrot
1261,3,teddy
1262,7,pineapple
1263,4,lamp
1264,1,cupcake
1264,3,pumpkin
1265,2,tree
1265,2,ball
1266,2,frog
1267,4,banana
1268,5,fish
1268,3,ant
1269,3,top
1270,7,cup
1271,1,duck
1272,5,elephant
1273,1,tree
1273,8,mango
1274,4,mango
1274,5,lollipop
1275,6,banana
1276,3,elephant
1276,1,eapot
1277,5,elephant
1277,1,ball
1278,1,cap
1278,2,fish
1279,6,caterpillar
1280,2,frog
1281,1,zirafah
1281,2,butterfly
1282,9,owl
1283,6,eapot
1284,1,zirafah
1284,3,banana
1285,1,tree
1285,8,orange
1286,1,caterpillar
1286,6,rabbit
1287,7,octopus
1288,6,icecream
1289,5,lion
1290,1,octopus
1290,5,elephant
1291,4,orange
1291,1,rabbit
1292,3,orange
1293,4,top
1294,1,lion
1294,8,icecream
1295,3,owl
1295,5,pineapple
1296,9,cupcake
1297,3,balloon
1297,2,rabbit
1298,4,carrot
1299,5,orange
1300,8,butterfly
1301,4,duck
1302,7,ball
1303,6,pumpkin
1304,6,duck
1305,6,owl
1306,6,pig
1307,2,umbrella
1307,5,rabbit
1308,3,corn
1309,5,eapot
1310,5,zirafah
1310,2,teddy
1311,3,pencil
1311,4,lion
1312,1,shark
1312,6,lamp
1313,6,car
1314,3,rabbit
1315,9,cap
1316,8,fish
1317,2,fish
1318,6,pig
1319,4,sun
1320,6,hut
1321,1,flower
1321,6,tree
1322,1,pig
1322,4,car
1323,5,lollipop
1323,2,pencil
1324,1,zirafah
1324,6,octopus
1325,8,ant
1326,8,ant
1326,1,duck
1327,6,teddy
1327,1,cap
1328,2,butterfly
1328,1,cow
1329,7,teddy
1329,2,pig
1330,4,pumpkin
1330,4,eapot
1331,8,frog
1332,3,cow
1332,3,duck
1333,5,octopus
1333,4,carrot
1334,4,pencil
1334,1,carrot
1335,7,bird
1336,4,pig
1337,8,orange
1338,1,mango
1338,6,ball
1339,6,orange
1339,3,tree
1340,1,octopus
1340,4,cow
1341,2,car
1341,6,pig
1342,1,pineapple
1343,7,ladybug
1344,3,flower
1345,2,banana
1345,4,ant
1346,9,mango
1347,1,teddy
1347,3,balloon
1348,2,owl
1348,2,elephant
1349,5,pencil
1349,1,snake
1350,1,teddy
1350,5,top
1351,1,corn
1351,8,flower
1352,4,cup
1352,4,ant
1353,5,carrot
1353,4,umbrella
1354,1,ball
1355,6,umbrella
1355,3,elephant
1356,5,balloon
1357,1,snake
1357,5,car
1358,9,flower
1359,1,tree
1359,3,eapot
1360,4,cap
1360,4,eapot
1361,4,banana
1362,4,corn
1362,4,cow
1363,1,lion
1363,3,corn
1364,1,eapot
1365,2,sun
1366,6,cup
1367,9,octopus
1368,1,frog
1369,2,fish
1369,6,mango
1370,1,pumpkin
1370,7,snake
1371,3,orange
1371,2,cupcake
1372,3,duck
1372,1,octopus
1373,1,bird
1373,7,hut
1374,2,octopus
1374,7,duck
1375,7,ant
1376,3,pencil
1376,5,ant
1377,7,mango
1377,2,apple
1378,1,orange
1378,5,pig
1379,7,butterfly
1380,9,balloon
1381,3,orange
1382,6,tree
1383,1,pineapple
1383,3,lamp
1384,6,shark
1384,3,fish
1385,1,pig
1385,5,hut
1386,1,top
1386,7,lamp
1387,3,butterfly
1387,6,lion
1388,1,snake
1388,2,duck
1389,3,top
1390,4,lion
1390,1,carrot
1391,3,bird
1391,5,caterpillar
1392,5,spider
1392,3,fish
1393,6,zirafah
1393,2,cap
1394,5,tree
1395,8,ladybug
1395,1,cap
1396,1,spider
1396,2,cow
1397,7,balloon
1397,2,tree
1398,1,shark
1398,6,cap
1399,3,fish
1399,3,shark
1400,2,pineapple
1401,1,frog
1401,3,teddy
1402,9,sun
1403,2,caterpillar
1404,2,dog
1404,6,flower
1405,7,pineapple
1405,1,car
1406,1,eapot
1406,4,lion
1407,3,cup
1408,5,cow
1409,1,ladybug
1410,5,butterfly
1410,1,pig
1411,2,frog
1412,1,owl
1412,4,butterfly
1413,7,carrot
1413,2,bird
1414,1,zirafah
1414,8,cupcake
1415,4,pumpkin
1415,1,orange
1416,1,banana
1416,5,pencil
1417,7,top
1417,2,duck
1418,1,eapot
1418,3,umbrella
1419,1,ball
1419,5,sun
1420,2,top
1420,3,pencil
1421,6,cap
1421,1,owl
1422,6,umbrella
1423,3,hut
1423,2,umbrella
1424,3,sun
1424,2,frog
1425,8,cow
1426,3,cap
1427,8,sun
1428,8,shark
1429,5,car
1430,5,teddy
1431,9,corn
1432,1,frog
1432,8,pumpkin
1433,4,umbrella
1433,3,cap
1434,2,ant
1434,2,ladybug
1435,2,ladybug
1435,2,mango
1436,8,cup
1437,2,teddy
1437,4,spider
1438,7,snake
1439,1,cow
1439,5,ant
1440,7,icecream
1440,2,flower
1441,1,cap
1441,2,fish
1442,6,corn
1443,3,dog
1444,5,duck
1445,1,umbrella
1445,5,sun
1446,2,pig
1446,5,cow
1447,7,pineapple
1448,2,lion
1448,3,balloon
1449,4,snake
1449,4,orange
1450,8,bell
1451,1,pencil
1451,6,duck
1452,1,cupcake
1452,7,cow
1453,1,top
1453,5,snake
1454,2,fish
1454,2,ant
1455,7,lollipop
1455,1,icecream
1456,1,umbrella
1457,1,cup
1457,2,flower
1458,6,cup
1459,5,car
1460,4,cow
1460,5,zirafah
1461,3,caterpillar
1461,4,lamp
1462,7,lion
1463,4,hut
1464,3,butterfly
1464,2,rabbit
1465,8,fish
1466,3,top
1467,4,hut
1467,1,balloon
1468,8,pumpkin
1469,1,orange
1469,8,lollipop
1470,2,teddy
1470,2,cap
1471,4,ball
1472,3,frog
1472,1,apple
1473,1,umbrella
1474,4,teddy
1475,7,umbrella
1476,3,butterfly
1477,9,butterfly
1478,1,banana
1478,6,mango
1479,3,cupcake
1479,6,pumpkin
1480,1,zirafah
1480,6,ball
1481,3,shark
1481,1,duck
1482,8,elephant
1483,9,fish
1484,5,flower
1485,1,hut
1485,4,pencil
1486,9,bird
1487,1,octopus
1487,6,umbrella
1488,2,caterpillar
1489,2,pig
1489,1,ladybug
1490,7,pineapple
1491,2,cow
1492,2,pencil
1492,5,icecream
1493,3,elephant
1494,9,bird
1495,4,banana
1495,3,ant
1496,2,cup
1496,1,car
1497,1,frog
1497,5,car
1498,3,frog
1498,3,lion
1499,4,cupcake
1500,7,bird
1500,2,hut
1501,1,umbrella
1501,7,tree
1502,1,teddy
1502,3,zirafah
1503,3,cap
1503,4,zirafah
1504,7,frog
1505,1,ladybug
1505,2,sun
1506,9,cow
1507,8,duck
1507,1,corn
1508,2,tree
1508,1,shark
1509,1,rabbit
1509,3,lion
1510,1,ball
1510,3,pig
1511,1,butterfly
1511,7,sun
1512,9,cup
1513,4,orange
1513,3,frog
1514,1,lion
1514,7,elephant
1515,9,elephant
1516,1,shark
1516,3,lollipop
1517,1,carrot
1517,2,pencil
1518,3,sun
1518,4,umbrella
1519,4,dog
1519,3,corn
1520,2,owl
1521,1,cup
1521,3,teddy
1522,1,balloon
1522,2,rabbit
1523,2,orange
1523,4,car
1524,3,zirafah
1524,2,icecream
1525,1,lion
1525,8,teddy
1526,1,elephant
1526,4,banana
1527,3,top
1527,4,umbrella
1528,8,ladybug
1529,6,cup
1530,7,ladybug
1531,5,zirafah
1532,7,umbrella
1533,1,octopus
1533,4,tree
1534,2,owl
1534,1,icecream
1535,4,duck
1536,2,duck
1536,2,orange
1537,1,sun
1537,4,lollipop
1538,2,mango
1539,6,snake
1540,8,duck
1541,5,corn
1541,4,spider
1542,9,hut
1543,3,umbrella
1544,8,eapot
1545,9,umbrella
1546,4,caterpillar
1547,6,pineapple
1548,1,banana
1548,8,dog
1549,7,owl
1550,2,cow
1551,8,lion
1552,4,banana
1553,6,spider
1554,8,ant
1555,2,corn
1555,4,cup
1556,6,icecream
1557,1,pig
1557,8,cap
1558,8,pig
1559,1,pencil
1559,2,zirafah
1560,1,octopus
1560,2,car
1561,1,apple
1562,8,octopus
1563,3,elephant
1563,1,ball
1564,3,snake
1564,2,balloon
1565,1,elephant
1565,2,corn
1566,4,apple
1567,1,apple
1568,6,banana
1569,1,cupcake
1569,7,balloon
1570,1,lollipop
1570,6,pumpkin
1571,8,bell
1572,1,cupcake
1572,2,ball
1573,2,banana
1573,1,spider
1574,7,cup
1575,4,frog
1576,8,snake
1577,7,cow
1578,7,tree
1579,5,pig
1580,3,lion
1581,3,banana
1581,3,corn
1582,4,snake
1582,5,fish
1583,1,ant
1583,2,eapot
1584,1,flower
1585,2,duck
1585,5,shark
1586,3,sun
1586,3,cup
1587,1,pineapple
1587,2,elephant
1588,2,pumpkin
1588,6,octopus
1589,5,ant
1590,6,owl
1590,3,banana
1591,1,umbrella
1591,2,lion
1592,4,octopus
1593,4,banana
1594,4,caterpillar
1594,5,ant
1595,2,pencil
1596,2,car
1596,7,pencil
1597,4,top
1598,1,cup
1599,3,tree
1600,5,teddy
1600,4,orange
1601,3,octopus
1602,5,butterfly
1602,2,shark
1603,8,owl
1603,1,lion
1604,2,bell
1605,5,sun
1606,1,cup
1606,2,ladybug
1607,2,caterpillar
1607,5,ant
1608,4,top
1609,6,snake
1610,1,pencil
1611,5,pineapple
1612,7,cap
1613,7,ball
1614,9,owl
1615,2,mango
1616,2,top
1616,2,duck
1617,9,apple
1618,4,elephant
1619,2,eapot
1619,6,balloon
1620,6,elephant
1621,6,cupcake
1621,1,butterfly
1622,2,mango
1623,1,cow
1623,3,rabbit
1624,6,teddy
1625,3,banana
1626,4,flower
1627,2,ladybug
1627,2,cap
1628,4,fish
1629,1,apple
1629,2,cupcake
1630,5,corn
1631,7,hut
1632,3,pineapple
1633,2,top
1633,1,cap
1634,1,balloon
1635,2,car
1636,8,shark
1637,8,caterpillar
1638,8,banana
1639,7,owl
1640,6,tree
1641,9,pencil
1642,6,tree
1643,1,octopus
1643,6,tree
1644,6,lollipop
1645,1,orange
1645,4,teddy
1646,4,icecream
1646,3,sun
1647,5,spider
1648,2,pig
1649,9,flower
1650,2,spider
1650,6,apple
1651,1,icecream
1651,5,butterfly
1652,1,cow
1652,6,spider
1653,7,bell
1654,9,caterpillar
1655,1,tree
1655,4,ant
1656,9,teddy
1657,5,orange
1658,4,bird
1658,1,cupcake
1659,4,cap
1660,9,sun
1661,1,pineapple
1661,7,hut
1662,3,mango
1663,1,octopus
1663,8,orange
1664,8,mango
1665,6,carrot
1666,1,owl
1666,2,pumpkin
1667,8,owl
1668,2,lollipop
1668,3,lion
1669,2,hut
1670,5,owl
1671,1,balloon
1671,3,ant
1672,4,ball
1673,1,rabbit
1673,2,balloon
1674,1,ladybug
1674,4,pineapple
1675,2,ladybug
1675,4,car
1676,5,bird
1676,4,frog
1677,3,teddy
1677,1,rabbit
1678,9,elephant
1679,2,butterfly
1679,3,owl
1680,4,umbrella
1680,2,shark
1681,6,top
1682,5,eapot
1683,8,tree
1684,2,owl
1684,6,mango
1685,2,mango
1686,9,rabbit
1687,7,cow
1688,6,duck
1688,3,flower
1689,1,ladybug
1689,8,lollipop
1690,9,octopus
1691,1,apple
1692,5,lamp
1692,4,frog
1693,3,rabbit
1693,4,icecream
1694,5,owl
1694,2,banana
1695,1,eapot
1696,8,snake
1697,8,tree
1698,2,lamp
1698,6,lollipop
1699,1,corn
1699,6,mango
1700,1,cap
1701,1,carrot
1702,5,ladybug
1702,4,cap
1703,1,cupcake
1703,2,icecream
1704,2,top
1705,5,top
1705,1,eapot
1706,3,fish
1706,2,pumpkin
1707,8,cap
1708,2,icecream
1708,2,ladybug
1709,8,cup
1710,3,cap
1711,3,bird
1712,1,mango
1712,3,car
1713,1,rabbit
1714,2,ant
1714,1,hut
1715,7,corn
1716,1,duck
1716,5,carrot
1717,2,flower
1717,3,cupcake
1718,2,dog
1719,8,tree
1720,3,butterfly
1720,2,cup
1721,2,carrot
1721,5,top
1722,6,octopus
1722,1,cupcake
1723,2,spider
1723,2,ball
1724,1,tree
1725,5,bird
1725,1,pencil
1726,6,carrot
1726,2,sun
1727,5,elephant
1727,4,orange
1728,1,cupcake
1728,2,lion
1729,4,pineapple
1730,4,shark
1731,6,corn
1732,6,sun
1732,3,banana
1733,1,lollipop
1733,4,cup
1734,1,snake
1735,1,carrot
1735,5,dog
1736,1,fish
1736,2,duck
1737,1,rabbit
1737,5,ant
1738,1,ladybug
1738,6,carrot
1739,1,mango
1739,2,car
1740,2,pencil
1740,1,mango
1741,6,frog
1742,3,octopus
1743,6,teddy
1743,2,sun
1744,5,frog
1745,1,flower
1745,2,hut
1746,8,shark
1747,9,apple
1748,1,spider
1748,2,octopus
1749,2,cap
1749,3,hut
1750,6,ant
1750,2,pineapple
1751,6,fish
1752,2,sun
1753,5,octopus
1753,4,cow
1754,2,snake
1754,7,spider
1755,6,duck
1756,9,pineapple
1757,3,rabbit
1758,7,zirafah
1759,3,ball
1759,1,shark
1760,1,umbrella
1760,2,ant
1761,5,snake
1761,2,orange
1762,4,carrot
1763,9,octopus
1764,2,dog
1764,7,bird
1765,6,pumpkin
1765,1,butterfly
1766,9,bird
1767,1,elephant
1767,5,top
1768,1,eapot
1768,8,ant
1769,6,cap
1770,5,cupcake
1770,2,owl
1771,2,banana
1771,2,bird
1772,5,pencil
1773,1,ant
1773,4,dog
1774,9,lollipop
1775,8,flower
1776,1,dog
1777,1,spider
1778,4,cup
1779,4,balloon
1779,2,pumpkin
1780,3,icecream
1781,1,rabbit
1781,8,mango
1782,9,pumpkin
1783,2,pumpkin
1783,1,duck
1784,6,orange
1785,1,teddy
1785,4,icecream
1786,5,umbrella
1787,5,zirafah
1787,2,carrot
1788,2,frog
1788,6,pencil
1789,3,ladybug
1789,1,mango
1790,6,frog
1790,1,umbrella
1791,4,snake
1792,1,snake
1793,4,carrot
1793,2,cow
1794,8,caterpillar
1795,2,ball
1795,2,shark
1796,1,dog
1796,2,carrot
1797,1,fish
1797,3,umbrella
1798,6,ant
1798,2,umbrella
1799,3,top
1800,1,cup
1800,2,caterpillar
1801,1,rabbit
1801,7,ball
1802,7,lion
1802,1,top
1803,2,caterpillar
1803,6,rabbit
1804,6,duck
1805,9,shark
1806,3,ladybug
1806,1,ant
1807,8,umbrella
1807,1,owl
1808,8,lion
1809,1,umbrella
1809,3,duck
1810,6,lamp
1810,3,owl
1811,8,zirafah
1812,8,zirafah
1813,2,icecream
1813,1,balloon
1814,1,zirafah
1814,7,frog
1815,7,pineapple
1815,2,snake
1816,1,umbrella
1816,5,teddy
1817,6,lamp
1818,5,octopus
1818,1,caterpillar
1819,1,zirafah
1819,2,shark
1820,1,mango
1820,3,caterpillar
1821,1,pumpkin
1821,7,shark
1822,9,orange
1823,5,tree
1823,4,fish
1824,1,caterpillar
1824,7,spider
1825,7,frog
1826,1,car
1826,7,corn
1827,1,elephant
1827,8,top
1828,1,flower
1828,8,lollipop
1829,6,carrot
1830,6,lollipop
1830,1,lamp
1831,3,eapot
1831,5,pineapple
1832,4,rabbit
1832,4,teddy
1833,2,duck
1833,5,cupcake
1834,8,bell
1835,7,bell
1836,4,banana
1836,2,rabbit
1837,1,hut
1838,4,fish
1839,3,teddy
1840,1,cupcake
1840,6,balloon
1841,2,bird
1842,3,icecream
1842,2,cow
1843,2,spider
1843,2,rabbit
1844,2,cow
1845,1,balloon
1845,2,car
1846,3,orange
1847,3,dog
1847,5,fish
1848,1,shark
1849,1,octopus
1850,5,lamp
1850,1,lion
1851,7,rabbit
1852,2,sun
1852,5,top
1853,6,frog
1853,2,cow
1854,1,cupcake
1855,3,ant
1856,6,pencil
1857,1,banana
1857,3,pineapple
1858,3,dog
1858,2,eapot
1859,1,pineapple
1859,8,pig
1860,2,duck
1860,1,icecream
1861,9,icecream
1862,4,car
1863,4,ball
1864,5,cow
1865,9,snake
1866,3,teddy
1866,5,elephant
1867,6,teddy
1868,7,orange
1868,2,pumpkin
1869,3,cupcake
1870,4,lion
1870,1,cow
1871,1,apple
1871,3,butterfly
1872,5,balloon
1872,3,cup
1873,8,tree
1874,5,spider
1874,1,pig
1875,1,balloon
1875,7,cup
1876,1,orange
1877,8,pencil
1878,1,caterpillar
1878,7,banana
1879,3,banana
1879,5,pineapple
1880,5,cupcake
1880,3,cap
1881,9,shark
1882,3,pig
1882,2,orange
1883,5,caterpillar
1884,3,top
1885,7,snake
1886,3,sun
1886,4,rabbit
1887,1,butterfly
1888,8,lollipop
1889,3,ball
1889,4,icecream
1890,1,orange
1890,2,eapot
1891,6,flower
1892,5,teddy
1893,1,orange
1894,4,corn
1895,7,flower
1896,7,banana
1897,7,banana
1898,5,elephant
1899,6,cup
1899,2,eapot
1900,7,ant
1901,3,orange
1902,6,umbrella
1903,3,flower
1904,8,pencil
1905,6,flower
1906,2,cap
1907,4,cupcake
1907,2,frog
1908,3,orange
1908,4,fish
1909,4,pumpkin
1910,2,duck
1910,7,eapot
1911,4,hut
1911,1,balloon
1912,7,pumpkin
1913,7,sun
1914,3,frog
1915,2,shark
1916,7,pig
1917,4,apple
1917,3,cap
1918,6,pig
1919,1,dog
1919,2,car
1920,6,eapot
1920,2,car
1921,7,carrot
1922,2,shark
1923,1,frog
1923,8,tree
1924,5,pig
1925,8,balloon
1926,1,pineapple
1926,6,owl
1927,2,icecream
1928,5,car
1928,4,apple
1929,8,caterpillar
1930,6,carrot
1931,1,corn
1931,2,cup
1932,3,snake
1933,1,fish
1933,4,mango
1934,7,octopus
1934,2,corn
1935,2,hut
1935,1,tree
1936,2,car
1936,3,cup
1937,2,snake
1937,1,frog
1938,1,flower
1939,1,umbrella
1939,2,cup
1940,3,lamp
1940,1,owl
1941,7,frog
1942,2,tree
1942,6,hut
1943,5,corn
1943,4,teddy
1944,3,elephant
1944,2,cow
1945,7,ant
1946,8,caterpillar
1947,4,mango
1947,2,tree
1948,4,octopus
1949,9,zirafah
1950,6,flower
1951,3,cap
1951,4,icecream
1952,7,teddy
1952,2,hut
1953,1,icecream
1953,6,banana
1954,8,dog
1955,1,frog
1956,2,top
1957,7,owl
1957,1,rabbit
1958,1,mango
1958,8,cupcake
1959,6,cow
1959,2,lamp
1960,5,lion
1960,2,icecream
1961,2,cupcake
1961,3,balloon
1962,5,umbrella
1962,3,rabbit
1963,4,orange
1964,3,balloon
1965,6,lion
1966,5,eapot
1967,9,banana
1968,8,lollipop
1968,1,sun
1969,3,corn
1970,2,cup
1971,5,bell
1972,1,tree
1972,5,pig
1973,1,zirafah
1973,4,car
1974,4,duck
1974,2,rabbit
1975,2,butterfly
1976,2,lamp
1977,1,duck
1978,3,car
1979,5,elephant
1980,3,frog
1981,4,orange
1981,2,cow
1982,2,cup
1983,5,flower
1984,8,octopus
1985,2,apple
1985,3,car
1986,2,pig
1986,5,orange
1987,2,owl
1988,2,frog
1989,4,zirafah
1989,2,ant
1990,3,eapot
1991,5,carrot
1991,4,pineapple
1992,2,corn
1992,4,fish
1993,1,pig
1993,2,lion
1994,1,cap
1994,6,lion
1995,2,umbrella
1996,7,shark
1997,5,lollipop
1998,3,icecream
1998,2,orange
1999,3,zirafah
2000,3,snake
2000,6,owl
2001,1,sun
2002,1,icecream
2002,2,zirafah
2003,5,butterfly
2004,3,snake
2004,1,mango
2005,1,flower
2005,2,ladybug
2006,1,teddy
2006,4,butterfly
2007,2,bird
2008,1,balloon
2009,5,fish
2009,2,sun
2010,8,hut
2011,2,umbrella
2012,8,zirafah
2013,7,caterpillar
2014,5,ball
2015,2,shark
2015,5,banana
2016,1,duck
2017,1,ball
2017,2,icecream
2018,2,butterfly
2018,7,lollipop
2019,7,balloon
2019,2,icecream
2020,3,butterfly
2021,6,ball
2022,2,car
2022,1,orange
2023,3,pencil
2024,7,pineapple
2025,7,zirafah
2026,9,elephant
2027,1,dog
2027,7,cup
2028,2,duck
2028,4,hut
2029,2,spider
2029,4,cupcake
2030,1,orange
2030,5,balloon
2031,8,top
2032,7,apple
2032,1,balloon
2033,7,ant
2034,1,sun
2034,4,balloon
2035,2,pig
2036,2,frog
2037,3,icecream
2038,3,icecream
2038,3,pig
2039,1,carrot
2040,3,zirafah
2040,3,ant
2041,4,carrot
2041,3,frog
2042,2,caterpillar
2042,1,icecream
2043,6,ant
2043,3,lollipop
2044,2,top
2044,4,cupcake
2045,1,fish
2045,2,eapot
2046,1,caterpillar
2046,6,carrot
2047,3,spider
2047,4,corn
2048,1,apple
2049,5,frog
2050,2,ball
2051,1,top
2051,2,caterpillar
2052,3,top
2052,6,hut
2053,8,duck
2054,1,eapot
2054,3,pencil
2055,8,bird
2056,5,cow
2056,1,orange
2057,1,balloon
2057,6,ant
2058,6,banana
2059,1,fish
2059,7,teddy
2060,1,frog
2061,7,cup
2062,9,ball
2063,7,frog
2064,3,frog
2065,7,bird
2065,2,ant
2066,1,duck
2066,7,ball
2067,4,spider
2068,4,icecream
2069,4,dog
2069,5,cap
2070,1,duck
2070,8,pumpkin
2071,1,fish
2072,6,pencil
2073,6,ladybug
2074,7,lion
2075,8,orange
2076,2,dog
2076,3,pencil
2077,2,pineapple
2077,1,ant
2078,4,ladybug
2079,2,carrot
2079,7,apple
2080,3,sun
2080,3,pig
2081,1,balloon
2081,4,icecream
2082,7,mango
2083,7,umbrella
2084,5,snake
2085,2,ball
2085,1,lollipop
2086,6,pineapple
2087,4,lion
2087,1,lamp
2088,2,snake
2088,2,butterfly
2089,1,pencil
2089,8,fish
2090,5,lollipop
2090,1,octopus
2091,7,pencil
2092,1,cupcake
2093,2,apple
2093,6,frog
2094,3,spider
2094,3,fish
2095,1,car
2095,3,umbrella
2096,3,orange
2097,1,teddy
2097,8,corn
2098,8,pig
2099,1,dog
2099,3,ant
2100,4,cup
2100,4,frog
2101,1,umbrella
2101,7,pig
2102,3,lollipop
2102,2,orange
2103,2,sun
2103,2,frog
2104,9,dog
2105,7,bell
2106,7,cup
2106,1,pig
2107,1,duck
2107,3,flower
2108,1,bird
2108,8,shark
2109,3,snake
2110,1,car
2110,4,zirafah
2111,1,pig
2111,3,snake
2112,5,cap
2113,7,lion
2114,6,zirafah
2115,2,apple
2116,4,cow
2116,3,cup
2117,1,dog
2118,2,cupcake
2118,1,apple
2119,2,spider
2120,8,dog
2121,1,bell
2122,4,ant
2123,5,octopus
2124,9,shark
2125,1,lollipop
2126,3,eapot
2127,4,elephant
2128,9,orange
2129,1,rabbit
2130,6,frog
2131,6,eapot
2132,2,fish
2132,5,corn
2133,2,tree
2134,1,umbrella
2134,2,lion
2135,5,snake
2136,3,rabbit
2136,6,dog
2137,8,bird
2138,5,orange
2139,5,flower
2140,1,rabbit
2140,7,pencil
2141,3,lollipop
2141,1,zirafah
2142,4,lion
2143,7,lamp
2143,2,bird
2144,1,duck
2144,4,elephant
2145,9,cow
2146,8,cupcake
2147,4,dog
2148,1,icecream
2148,7,cup
2149,3,fish
2149,4,ladybug
2150,2,flower
2151,1,ladybug
2151,4,corn
2152,7,duck
2153,1,caterpillar
2153,5,snake
2154,2,snake
2154,2,cow
2155,1,lamp
2155,4,mango
2156,3,banana
2157,1,hut
2158,1,eapot
2159,3,flower
2159,1,dog
2160,5,elephant
2160,2,corn
2161,2,car
2161,3,eapot
2162,6,pineapple
2163,8,carrot
2164,8,umbrella
2165,7,lamp
2166,8,top
2167,9,balloon
2168,3,car
2169,3,ant
2170,6,sun
2171,1,balloon
2171,3,sun
2172,4,cupcake
2172,1,fish
2173,7,ladybug
2174,1,banana
2175,4,fish
2175,3,cap
2176,1,octopus
2176,3,cap
2177,7,cup
2178,4,zirafah
2179,5,octopus
2180,4,top
2181,6,owl
2182,5,ball
2182,3,banana
2183,4,lion
2184,4,cupcake
2185,8,teddy
2186,4,pineapple
2187,8,shark
2188,1,hut
2188,4,apple
2189,3,owl
2190,4,orange
2190,4,lion
2191,5,eapot
2192,2,shark
2192,7,butterfly
2193,1,pencil
2193,3,ladybug
2194,1,ball
2194,4,pig
2195,2,duck
2196,6,hut
2197,8,lollipop
2198,4,rabbit
2199,6,pig
2200,1,apple
2200,7,umbrella
2201,4,corn
2202,1,top
2202,5,pumpkin
2203,8,lollipop
2204,6,lamp
2204,1,caterpillar
2205,5,caterpillar
2206,4,lollipop
2207,9,cow
2208,4,bell
2209,6,butterfly
2209,2,duck
2210,9,pig
2211,2,owl
2211,5,ladybug
2212,5,teddy
2212,4,ladybug
2213,2,banana
2214,2,eapot
2215,4,shark
2216,1,zirafah
2216,3,shark
2217,3,apple
2218,1,teddy
2218,3,tree
2219,1,snake
2219,3,cupcake
2220,6,corn
2221,1,carrot
2221,4,icecream
2222,4,lion
2222,5,top
2223,9,pineapple
2224,1,pineapple
2224,7,lamp
2225,3,ball
2226,3,shark
2227,6,bell
2228,2,sun
2228,2,ladybug
2229,3,pig
2229,4,cap
2230,4,bird
2230,2,corn
2231,1,mango
2231,3,pineapple
2232,4,pineapple
2233,9,eapot
2234,1,caterpillar
2235,2,eapot
2235,7,teddy
2236,8,zirafah
2237,2,cap
2238,1,pig
2238,3,lollipop
2239,3,dog
2239,2,ant
2240,3,zirafah
2240,6,balloon
2241,2,ball
2242,2,octopus
2242,5,snake
2243,5,frog
2244,3,pig
2244,6,pineapple
2245,1,octopus
2245,2,teddy
2246,4,zirafah
2247,2,umbrella
2247,4,cup
2248,2,icecream
2248,2,frog
2249,3,apple
2249,5,elephant
2250,3,lion
2250,4,teddy
2251,5,pineapple
2251,2,frog
2252,2,rabbit
2252,3,ladybug
2253,9,teddy
2254,3,mango
2254,5,eapot
2255,2,pencil
2255,6,lion
2256,6,ladybug
2256,1,orange
2257,5,banana
2258,2,spider
2258,3,apple
2259,6,pencil
2259,1,butterfly
2260,6,owl
2261,8,fish
2262,8,bell
2263,3,top
2263,1,pumpkin
2264,2,balloon
2264,2,lion
2265,3,ladybug
2265,6,icecream
2266,5,pig
2267,7,zirafah
2268,3,elephant
2269,4,apple
2270,4,pineapple
2270,1,balloon
2271,5,rabbit
2271,1,lollipop
2272,4,cupcake
2272,3,icecream
2273,3,zirafah
2274,6,ball
2275,2,ant
2275,5,lollipop
2276,3,balloon
2277,8,carrot
2278,1,ant
2279,8,icecream
2280,1,mango
2280,5,caterpillar
2281,5,frog
2281,3,orange
2282,6,ball
2282,3,shark
2283,6,shark
2283,1,sun
2284,2,pig
2285,9,eapot
2286,3,frog
2287,7,icecream
2288,1,balloon
2288,3,ladybug
2289,3,car
2290,8,banana
2290,1,sun
2291,1,butterfly
2291,3,pencil
2292,8,hut
2293,6,caterpillar
2293,2,balloon
2294,2,teddy
2294,1,cow
2295,5,octopus
2296,2,umbrella
2296,6,banana
2297,1,pig
2297,3,dog
2298,1,apple
2298,7,fish
2299,1,octopus
2299,7,fish
2300,2,pumpkin
2301,2,hut
2302,9,pineapple
2303,5,fish
2304,2,teddy
2305,5,octopus
2305,4,dog
2306,9,cupcake
2307,3,lamp
2307,5,cow
2308,7,car
2309,6,snake
2309,1,pumpkin
2310,2,pig
2310,5,pineapple
2311,7,bird
2312,9,flower
2313,1,pig
2313,3,cup
2314,3,top
2315,5,pencil
2315,4,duck
2316,2,eapot
2317,1,teddy
2318,2,owl
2318,1,cow
2319,2,dog
2320,4,snake
2320,4,tree
2321,7,ladybug
2322,1,top
2323,4,cup
2324,7,cup
2324,1,spider
2325,4,elephant
2326,5,fish
2327,3,cap
2327,2,duck
2328,5,balloon
2328,1,zirafah
2329,2,lion
2329,7,owl
2330,1,owl
2330,4,pineapple
2331,7,fish
2332,2,tree
2332,4,cap
2333,2,fish
2334,2,elephant
2334,1,pineapple
2335,3,pencil
2335,3,car
2336,4,spider
2336,2,apple
2337,2,caterpillar
2338,4,pineapple
2339,1,dog
2339,4,frog
2340,3,spider
2341,9,dog
2342,4,ball
2342,2,balloon
2343,4,cap
2344,7,caterpillar
2345,3,cup
2345,5,cap
2346,3,tree
2346,1,pumpkin
2347,6,corn
2348,3,banana
2348,6,cupcake
2349,6,duck
2349,1,top
2350,3,owl
2350,2,lamp
2351,1,corn
2352,6,ladybug
2353,1,teddy
2353,2,hut
2354,2,orange
2355,3,lion
2356,2,pineapple
2357,7,flower
2358,3,teddy
2359,6,elephant
2360,8,tree
2361,4,hut
2361,1,lion
2362,8,lollipop
2363,2,frog
2364,1,pineapple
2364,5,cupcake
2365,1,carrot
2365,3,cupcake
2366,6,teddy
2367,6,spider
2367,1,banana
2368,1,apple
2369,6,lamp
2370,1,pumpkin
2370,2,zirafah
2371,2,sun
2371,2,carrot
2372,1,shark
2372,7,balloon
2373,4,cup
2374,2,balloon
2374,1,car
2375,6,banana
2376,5,tree
2377,4,pig
2377,2,lion
2378,2,teddy
2379,1,cap
2379,3,owl
2380,4,dog
2380,2,corn
2381,3,caterpillar
2381,2,elephant
2382,1,ball
2382,4,eapot
2383,2,octopus
2384,3,zirafah
2384,6,butterfly
2385,1,cupcake
2385,6,duck
2386,8,octopus
2387,2,apple
2388,5,duck
2388,4,pig
2389,1,rabbit
2389,8,lamp
2390,6,ant
2391,2,ant
2391,6,pumpkin
2392,3,dog
2393,3,lamp
2393,1,flower
2394,5,mango
2394,2,dog
2395,1,fish
2395,8,cap
2396,8,frog
2396,1,top
2397,1,fish
2397,3,carrot
2398,8,umbrella
2399,1,shark
2399,5,rabbit
2400,8,tree
2401,7,cupcake
2402,4,caterpillar
2402,2,icecream
2403,4,car
2404,9,owl
2405,1,top
2405,5,carrot
2406,1,umbrella
2406,8,cupcake
2407,1,duck
2407,4,lollipop
2408,3,teddy
2408,4,lamp
2409,8,balloon
2409,1,pig
2410,6,umbrella
2410,1,elephant
2411,1,hut
2411,2,banana
2412,8,dog
2412,1,balloon
2413,1,pig
2413,4,fish
2414,1,umbrella
2414,3,eapot
2415,7,icecream
2416,7,spider
2417,5,flower
2418,1,bird
2418,2,pineapple
2419,5,top
2419,2,elephant
2420,3,pig
2420,2,banana
2421,4,teddy
2422,3,apple
2423,3,top
2423,1,tree
2424,1,duck
2424,2,pineapple
2425,7,mango
2426,2,eapot
2426,4,ant
2427,6,mango
2428,1,ladybug
2428,3,butterfly
2429,2,duck
2429,5,cup
2430,9,shark
2431,8,cupcake
2432,4,hut
2432,4,lollipop
2433,6,banana
2434,7,balloon
2435,1,banana
2436,5,elephant
2437,4,elephant
2437,1,tree
2438,3,ball
2439,7,apple
2439,2,car
2440,1,cap
2440,2,pencil
2441,2,apple
2441,4,car
2442,1,elephant
2442,4,pig
2443,4,apple
2443,4,icecream
2444,2,zirafah
2445,3,cup
2445,2,car
2446,5,elephant
2446,2,umbrella
2447,3,corn
2448,4,lion
2448,2,cupcake
2449,1,cupcake
2450,1,bird
2450,2,carrot
2451,8,top
2452,1,pumpkin
2453,2,zirafah
2453,3,lion
2454,1,pineapple
2454,6,flower
2455,2,duck
2456,6,orange
2457,1,bird
2457,7,ladybug
2458,1,lollipop
2458,6,bird
2459,9,elephant
2460,9,shark
2461,9,spider
2462,1,cap
2462,2,cupcake
2463,1,elephant
2463,3,mango
2464,4,carrot
2464,2,pencil
2465,2,bird
2465,2,pig
2466,4,top
2466,1,sun
2467,2,cap
2467,1,apple
2468,1,elephant
2468,2,mango
2469,5,cow
2469,3,car
2470,8,bell
2471,8,pig
2472,5,orange
2472,4,snake
2473,1,pig
2473,7,cup
2474,7,fish
2475,5,lollipop
2476,5,flower
2477,2,caterpillar
2478,5,elephant
2479,4,carrot
2479,2,pencil
2480,1,pineapple
2480,8,shark
2481,6,cow
2482,6,shark
2483,7,octopus
2484,3,caterpillar
2484,5,lion
2485,1,frog
2485,2,dog
2486,5,cow
2487,5,lamp
2488,6,pineapple
2488,1,zirafah
2489,4,top
2490,9,rabbit
2491,1,cup
2491,5,orange
2492,4,icecream
2493,2,flower
2493,2,ball
2494,2,carrot
2495,4,frog
2495,2,orange
2496,4,bird
2496,2,shark
2497,1,ball
2497,7,lamp
2498,4,umbrella
2499,2,orange
2500,2,carrot
2500,2,cupcake
