1,3,green triangle
2,1,red triangle
2,3,purple oval
3,3,pink diamond
3,1,red diamond
4,5,red star
5,7,blue circle
6,1,brown diamond
6,4,blue diamond
7,2,black oval
7,4,red diamond
8,3,yellow rectangle
8,4,pink square
9,1,orange circle
9,5,yellow triangle
10,5,red diamond
11,8,red diamond
12,2,green square
12,1,white circle
13,4,black circle
13,5,pink triangle
14,1,pink circle
14,6,purple star
15,4,red star
16,2,green diamond
17,1,pink star
17,3,blue star
18,3,white oval
18,1,green square
19,4,pink square
19,1,red triangle
20,7,purple circle
20,2,white star
21,6,white circle
22,3,white square
23,3,black oval
23,3,white star
24,3,orange triangle
24,5,orange oval
25,6,purple circle
26,6,brown rectangle
27,3,green rectangle
27,4,purple diamond
28,2,yellow circle
29,1,brown diamond
29,6,white triangle
30,3,green triangle
30,2,black star
31,5,blue diamond
32,7,white circle
32,2,black rectangle
33,5,purple square
34,3,green circle
35,1,blue star
36,8,black diamond
37,3,red star
38,2,blue diamond
39,1,white triangle
39,3,blue square
40,1,brown rectangle
41,5,green star
41,2,green diamond
42,3,blue rectangle
42,1,purple oval
43,9,green star
44,2,pink square
44,4,pink circle
45,2,black oval
45,5,black rectangle
46,2,pink oval
47,1,white triangle
47,6,blue oval
48,3,blue square
48,1,blue star
49,1,purple square
50,8,yellow diamond
51,4,red triangle
52,8,brown oval
53,8,green diamond
53,1,yellow diamond
54,8,blue circle
55,5,brown square
55,1,pink diamond
56,1,blue star
56,8,purple oval
57,2,orange diamond
57,4,green star
58,8,orange oval
58,1,pink triangle
59,4,yellow star
60,4,purple square
61,7,pink circle
61,2,pink oval
62,1,black star
62,8,white circle
63,2,green triangle
63,7,green oval
64,6,green star
64,2,blue star
65,3,green oval
66,7,brown oval
66,1,brown diamond
67,3,orange oval
68,5,pink square
69,3,pink square
69,1,pink diamond
70,1,green triangle
70,7,yellow diamond
71,1,brown square
71,2,red oval
72,2,white rectangle
72,7,blue rectangle
73,4,purple diamond
73,1,brown diamond
74,2,brown square
74,5,brown oval
75,5,brown circle
75,3,black triangle
76,2,red rectangle
76,3,yellow star
77,1,red star
77,5,yellow rectangle
78,2,orange diamond
78,2,purple rectangle
79,8,purple oval
80,2,brown circle
81,6,white rectangle
82,7,pink circle
82,2,purple square
83,7,orange oval
84,3,red diamond
84,4,red triangle
85,1,green diamond
85,2,pink circle
86,8,purple square
87,8,black oval
88,7,green rectangle
88,2,blue triangle
89,7,purple oval
90,8,purple oval
91,5,black oval
91,3,black square
92,2,black square
92,2,purple diamond
93,1,brown triangle
93,2,red rectangle
94,1,purple triangle
94,6,white star
95,1,green diamond
95,3,purple rectangle
96,4,white star
97,2,black square
97,5,yellow rectangle
98,3,red square
98,2,yellow diamond
99,3,brown rectangle
99,5,pink triangle
100,2,purple rectangle
101,1,blue rectangle
102,2,blue star
103,1,pink diamond
103,4,red triangle
104,1,orange circle
104,2,red oval
105,4,purple rectangle
106,1,yellow oval
106,6,pink rectangle
107,9,red square
108,2,red star
108,4,pink star
109,3,pink diamond
110,5,blue triangle
110,2,pink circle
111,6,white circle
112,7,brown oval
112,2,black circle
113,5,white star
114,1,white circle
115,9,red oval
116,1,purple triangle
116,3,yellow oval
117,3,brown rectangle
118,3,purple square
118,1,yellow diamond
119,1,black oval
119,2,brown rectangle
120,1,blue triangle
120,6,brown oval
121,1,red oval
121,3,orange star
122,2,green oval
122,7,yellow star
123,1,purple star
123,5,blue circle
124,4,white square
124,1,green oval
125,4,pink rectangle
125,1,black star
126,1,orange oval
126,3,black diamond
127,8,white diamond
128,3,blue circle
129,2,yellow square
130,6,pink rectangle
131,8,yellow diamond
132,1,pink oval
132,5,black oval
133,4,orange oval
133,1,green circle
134,4,yellow triangle
134,3,orange star
135,6,white oval
136,8,white circle
137,3,red star
137,4,brown oval
138,5,red circle
139,9,white diamond
140,7,blue star
141,2,white oval
142,4,white oval
142,1,white star
143,1,pink star
143,7,brown triangle
144,3,orange star
144,4,red rectangle
145,6,purple star
145,1,orange circle
146,1,pink square
146,3,black diamond
147,2,yellow circle
147,1,purple square
148,8,black circle
149,4,blue oval
149,2,orange triangle
150,5,black triangle
151,5,brown rectangle
152,1,green diamond
152,3,blue triangle
153,1,black triangle
154,9,brown diamond
155,5,purple oval
156,4,black rectangle
157,2,brown diamond
158,4,blue triangle
159,9,orange oval
160,5,blue diamond
160,4,pink triangle
161,2,red rectangle
161,3,black diamond
162,4,orange diamond
163,1,pink triangle
163,5,black star
164,5,green circle
165,4,blue diamond
165,5,orange rectangle
166,7,orange rectangle
167,6,purple square
168,3,red square
168,1,black circle
169,7,pink square
170,3,yellow square
171,7,yellow square
172,5,red diamond
172,1,purple star
173,3,pink oval
173,5,pink star
174,3,black diamond
174,4,purple square
175,4,green square
176,7,white triangle
177,2,purple square
178,4,white triangle
179,8,red triangle
179,1,black diamond
180,7,yellow rectangle
181,9,orange diamond
182,3,brown triangle
183,6,green rectangle
184,1,green rectangle
185,4,blue circle
186,1,black rectangle
186,4,yellow triangle
187,1,purple rectangle
188,9,brown circle
189,3,white square
189,1,green rectangle
190,5,white star
191,5,red triangle
192,6,brown diamond
193,2,green triangle
193,1,yellow rectangle
194,8,yellow diamond
195,4,purple circle
195,5,red circle
196,4,yellow star
196,1,blue circle
197,4,purple square
198,6,purple star
198,2,pink diamond
199,3,purple rectangle
199,1,red oval
200,2,purple circle
200,3,pink square
201,5,orange star
202,2,black oval
202,2,blue star
203,2,pink square
203,2,orange star
204,7,purple circle
205,1,white oval
205,3,blue rectangle
206,2,white circle
207,8,orange rectangle
208,2,yellow square
208,2,blue triangle
209,2,red oval
210,9,blue triangle
211,8,brown circle
212,9,orange square
213,1,purple circle
213,2,red oval
214,1,purple circle
215,2,yellow oval
215,3,green star
216,5,green triangle
216,3,yellow circle
217,6,black rectangle
218,5,white oval
219,4,pink triangle
219,1,yellow circle
220,7,green star
221,1,white square
221,6,brown rectangle
222,3,black triangle
223,3,red diamond
224,8,yellow oval
225,1,black square
225,5,brown rectangle
226,5,brown triangle
227,4,green circle
228,3,purple rectangle
228,2,red rectangle
229,3,blue square
229,3,pink rectangle
230,4,green triangle
231,5,brown triangle
232,5,yellow circle
233,3,purple rectangle
233,1,green star
234,1,purple diamond
234,7,pink circle
235,3,blue triangle
235,6,blue star
236,4,orange oval
237,2,brown triangle
237,3,yellow star
238,2,orange oval
238,4,brown square
239,4,brown rectangle
240,1,brown square
241,3,orange oval
241,6,yellow triangle
242,1,green square
242,7,green star
243,2,yellow oval
243,1,blue star
244,4,pink triangle
244,1,brown oval
245,2,blue square
246,1,orange square
246,4,black oval
247,1,white oval
248,3,white oval
248,6,yellow oval
249,4,blue circle
249,5,purple oval
250,9,black star
251,1,white square
251,2,blue rectangle
252,2,white circle
252,5,brown rectangle
253,6,pink oval
254,6,green diamond
254,1,yellow square
255,4,pink diamond
256,4,orange circle
257,5,brown triangle
258,5,green triangle
259,1,black diamond
259,5,orange star
260,3,pink star
260,3,orange oval
261,1,blue star
261,6,yellow circle
262,4,orange square
263,6,red triangle
263,1,purple triangle
264,9,pink square
265,2,black oval
265,4,purple star
266,7,yellow star
266,1,pink circle
267,2,white rectangle
267,6,orange circle
268,6,blue oval
268,2,pink circle
269,5,black rectangle
270,2,red oval
271,6,purple square
271,2,black circle
272,1,black oval
273,5,black square
274,4,red diamond
275,1,red oval
276,4,white oval
277,7,yellow diamond
278,4,blue diamond
278,5,purple rectangle
279,1,white square
280,5,orange oval
280,4,yellow star
281,4,yellow circle
281,4,white star
282,3,red star
282,6,purple oval
283,4,yellow square
284,2,pink rectangle
285,2,orange square
286,1,black circle
286,2,green rectangle
287,5,blue square
288,6,yellow star
288,2,yellow square
289,2,orange rectangle
289,5,yellow diamond
290,4,blue star
291,1,orange triangle
292,7,orange rectangle
293,1,green diamond
293,5,red diamond
294,1,blue triangle
294,7,yellow circle
295,1,yellow oval
295,2,blue rectangle
296,3,black triangle
297,1,orange oval
298,5,blue oval
299,1,white oval
300,1,blue rectangle
300,3,red star
301,1,brown square
301,3,yellow diamond
302,9,purple oval
303,1,green rectangle
304,2,green square
305,4,white rectangle
306,3,yellow circle
307,3,brown triangle
307,1,yellow rectangle
308,7,blue triangle
309,5,orange circle
310,4,black oval
310,1,orange oval
311,1,black square
311,7,yellow square
312,5,orange star
312,2,green triangle
313,1,blue circle
314,2,green oval
314,5,black diamond
315,2,brown triangle
315,6,red rectangle
316,3,yellow rectangle
317,2,pink triangle
317,2,pink square
318,3,pink oval
318,2,green square
319,6,blue star
320,8,brown square
321,9,blue square
322,7,purple star
323,1,yellow rectangle
323,3,black triangle
324,2,green star
324,4,black oval
325,6,blue triangle
325,2,brown oval
326,5,pink star
327,1,orange circle
328,4,green triangle
328,3,black oval
329,7,purple star
330,1,white oval
330,5,orange square
331,5,yellow oval
331,1,white square
332,5,brown square
333,1,orange square
333,2,green circle
334,1,green rectangle
334,4,green diamond
335,9,brown rectangle
336,4,blue rectangle
336,5,blue square
337,4,blue diamond
338,6,white oval
339,1,purple rectangle
340,3,white triangle
341,7,blue square
342,1,yellow diamond
342,8,brown circle
343,1,red star
343,3,red diamond
344,5,purple rectangle
345,8,brown rectangle
345,1,blue triangle
346,5,brown rectangle
346,3,black square
347,2,orange oval
348,5,brown diamond
349,1,blue circle
349,4,white diamond
350,2,black rectangle
350,3,blue square
351,1,pink rectangle
351,5,orange square
352,1,pink diamond
352,6,green rectangle
353,2,red diamond
354,7,purple oval
355,7,red rectangle
356,1,blue oval
356,3,green rectangle
357,1,red star
357,7,pink oval
358,2,green circle
359,1,brown square
359,2,black diamond
360,3,blue rectangle
360,3,pink rectangle
361,1,yellow star
361,2,purple star
362,9,orange rectangle
363,7,green star
364,2,purple triangle
364,5,purple star
365,2,blue diamond
365,7,pink triangle
366,9,white star
367,4,yellow star
368,8,green oval
369,7,orange star
370,6,purple square
371,2,brown diamond
371,4,white triangle
372,1,black square
373,2,pink star
374,4,brown star
375,8,purple diamond
376,1,red circle
376,3,green triangle
377,3,pink triangle
378,6,orange star
378,3,blue circle
379,1,green circle
379,6,purple square
380,2,brown square
381,1,pink oval
381,6,yellow triangle
382,3,pink oval
382,2,blue circle
383,8,orange square
384,3,black oval
384,1,yellow square
385,5,pink diamond
385,3,red circle
386,5,purple square
386,3,orange diamond
387,1,brown square
388,1,purple rectangle
388,7,purple square
389,4,yellow star
389,3,orange rectangle
390,4,pink oval
390,1,black circle
391,7,brown square
392,2,yellow circle
392,2,black oval
393,3,red circle
394,1,blue rectangle
395,4,yellow rectangle
395,5,red star
396,8,orange square
397,8,pink rectangle
398,5,red circle
399,8,orange diamond
400,8,black oval
401,1,blue oval
401,7,brown triangle
402,6,orange triangle
403,3,orange diamond
403,6,blue circle
404,1,blue star
404,8,blue diamond
405,4,white rectangle
405,2,black circle
406,1,yellow diamond
406,7,red diamond
407,8,yellow diamond
408,1,orange square
408,3,blue diamond
409,6,white square
409,1,yellow star
410,4,yellow triangle
410,2,green diamond
411,3,pink star
412,1,orange star
412,4,green star
413,1,orange oval
414,3,white diamond
415,1,red oval
415,8,red triangle
416,4,white circle
416,1,blue circle
417,1,brown rectangle
417,5,purple square
418,7,blue square
419,5,red star
419,2,black triangle
420,6,red oval
421,6,blue star
422,3,black square
422,4,green triangle
423,2,white diamond
424,2,green oval
425,6,yellow triangle
426,3,green diamond
426,5,yellow triangle
427,1,black circle
428,2,white star
428,2,pink rectangle
429,6,blue diamond
429,2,yellow square
430,2,pink square
430,1,green oval
431,4,yellow triangle
432,1,blue diamond
433,7,pink rectangle
434,6,pink star
435,1,pink diamond
435,2,red square
436,1,pink star
436,2,orange rectangle
437,1,pink star
437,3,brown triangle
438,2,orange diamond
438,5,blue oval
439,9,yellow square
440,1,black diamond
440,2,pink star
441,4,yellow oval
442,2,blue oval
443,1,orange star
443,5,red diamond
444,1,green square
444,6,orange oval
445,8,pink circle
446,9,blue oval
447,3,green rectangle
447,1,black rectangle
448,6,white circle
449,1,white diamond
450,3,orange circle
451,5,red oval
452,4,white circle
452,3,green circle
453,6,pink star
453,1,green oval
454,9,yellow oval
455,7,yellow oval
456,3,purple oval
456,5,black rectangle
457,1,yellow oval
457,2,purple rectangle
458,3,orange diamond
458,3,red oval
459,3,pink star
459,3,black square
460,1,red oval
461,4,green oval
461,1,green rectangle
462,8,green star
463,6,green circle
463,1,orange diamond
464,2,brown diamond
465,1,pink circle
465,2,blue circle
466,3,blue circle
466,1,brown square
467,6,white oval
467,1,yellow diamond
468,3,white triangle
468,6,red rectangle
469,2,red circle
470,1,white rectangle
470,3,pink square
471,1,orange circle
471,8,pink rectangle
472,1,blue square
473,1,orange square
473,8,white rectangle
474,6,black triangle
474,1,green triangle
475,4,blue square
476,1,yellow triangle
476,3,blue diamond
477,3,yellow square
478,8,brown diamond
479,1,pink diamond
479,6,purple oval
480,1,blue oval
480,5,blue diamond
481,9,yellow oval
482,6,red rectangle
482,1,white diamond
483,1,red triangle
483,2,green square
484,2,orange circle
484,2,pink star
485,3,green triangle
485,2,green rectangle
486,6,brown oval
487,3,orange circle
487,2,yellow square
488,4,black triangle
489,4,white circle
489,3,pink circle
490,6,brown circle
491,6,red rectangle
492,4,brown diamond
493,5,pink triangle
493,1,black square
494,1,green triangle
494,4,yellow circle
495,2,white circle
495,1,yellow circle
496,3,pink square
497,2,red rectangle
498,8,yellow star
499,4,purple square
500,3,green rectangle
500,6,white diamond
501,7,pink square
502,1,brown rectangle
503,4,orange oval
503,4,blue rectangle
504,5,green triangle
505,9,white square
506,7,yellow triangle
507,5,purple rectangle
508,3,blue circle
508,3,orange square
509,5,red rectangle
510,4,orange triangle
510,1,white triangle
511,1,yellow square
511,8,pink oval
512,7,yellow oval
512,1,brown rectangle
513,7,yellow star
514,8,green triangle
515,1,black diamond
515,6,black square
516,7,orange diamond
516,2,white star
517,2,white diamond
517,4,green square
518,6,yellow circle
518,2,red oval
519,2,pink diamond
519,2,blue circle
520,1,pink rectangle
520,3,red triangle
521,1,pink triangle
522,3,yellow rectangle
522,1,black square
523,8,purple circle
524,3,black oval
525,7,white triangle
526,5,yellow circle
527,2,yellow diamond
527,1,orange diamond
528,7,yellow star
529,8,purple rectangle
529,1,orange diamond
530,2,black circle
530,5,pink triangle
531,8,green oval
532,5,black rectangle
532,1,brown diamond
533,1,black diamond
533,4,pink rectangle
534,1,green star
534,4,orange circle
535,5,green diamond
536,2,black square
537,4,pink rectangle
538,1,green circle
538,3,green oval
539,7,pink circle
540,4,white rectangle
540,3,red oval
541,1,blue circle
541,3,yellow star
542,5,orange triangle
542,1,brown square
543,1,purple square
543,8,black diamond
544,3,orange star
544,6,blue oval
545,1,yellow star
545,4,red diamond
546,5,green star
546,4,brown rectangle
547,4,pink star
547,1,black star
548,2,orange square
548,1,orange triangle
549,4,black oval
549,2,brown triangle
550,1,white square
550,7,yellow triangle
551,8,purple diamond
552,3,white square
552,1,red rectangle
553,7,white circle
554,3,black circle
555,1,yellow triangle
556,1,white rectangle
556,6,red square
557,7,blue square
557,1,orange oval
558,1,brown square
558,6,white diamond
559,2,blue rectangle
559,6,black diamond
560,1,blue diamond
560,3,green circle
561,6,yellow diamond
561,3,red star
562,1,orange star
562,3,red triangle
563,6,pink triangle
563,1,white circle
564,3,black square
565,5,green diamond
566,1,orange diamond
567,5,white oval
568,3,pink circle
568,3,green oval
569,7,blue rectangle
570,5,black star
571,1,black diamond
571,3,yellow rectangle
572,8,white square
573,3,red oval
573,4,purple circle
574,9,white oval
575,3,white square
576,8,yellow rectangle
577,6,orange diamond
577,3,green diamond
578,6,brown star
579,6,brown triangle
580,9,purple triangle
581,3,yellow triangle
582,3,orange circle
583,7,yellow square
584,5,red rectangle
584,3,white rectangle
585,5,pink square
586,4,red square
586,1,white rectangle
587,1,orange triangle
587,3,green circle
588,4,black rectangle
589,1,purple triangle
589,4,white oval
590,2,purple rectangle
591,5,pink square
591,3,orange star
592,6,pink diamond
593,4,orange circle
593,4,yellow diamond
594,4,pink circle
594,1,green triangle
595,7,white triangle
596,5,blue circle
597,7,orange diamond
598,6,pink oval
598,3,red circle
599,9,black star
600,3,purple star
601,8,white star
602,5,green oval
603,4,pink circle
604,9,green triangle
605,1,green triangle
605,2,purple oval
606,6,yellow square
606,3,white triangle
607,4,purple diamond
608,1,pink circle
608,2,white triangle
609,7,pink diamond
609,1,brown diamond
610,7,red square
611,6,orange square
611,3,black square
612,7,pink triangle
613,1,brown diamond
613,2,brown triangle
614,9,red circle
615,1,red rectangle
615,6,purple triangle
616,2,purple star
617,6,pink rectangle
618,8,blue star
619,2,brown oval
619,6,red oval
620,2,brown triangle
620,4,green star
621,9,purple oval
622,7,orange rectangle
623,5,pink diamond
624,3,white star
624,5,yellow circle
625,3,pink star
625,1,black oval
626,1,white square
626,8,orange diamond
627,5,black square
628,2,red square
628,4,green triangle
629,5,white square
630,4,brown triangle
630,1,white oval
631,8,yellow star
632,3,black rectangle
632,3,purple triangle
633,8,blue square
634,8,pink circle
635,2,white rectangle
635,2,green oval
636,6,green rectangle
637,3,purple square
638,2,orange circle
638,6,blue oval
639,6,brown triangle
639,1,purple diamond
640,3,blue square
641,1,red star
641,4,yellow triangle
642,1,brown diamond
643,9,white rectangle
644,8,black diamond
645,7,red rectangle
646,1,yellow triangle
646,4,white star
647,1,yellow oval
647,3,purple rectangle
648,2,yellow oval
649,4,purple star
649,2,green star
650,2,black square
650,2,pink diamond
651,6,blue diamond
652,4,red star
653,4,yellow star
654,6,pink star
655,4,black star
655,1,brown triangle
656,2,black triangle
657,6,orange diamond
658,7,yellow diamond
659,5,green oval
659,2,brown triangle
660,9,pink circle
661,1,red square
661,3,white oval
662,3,purple diamond
663,6,red square
664,7,pink star
665,1,white circle
666,6,pink square
667,2,blue rectangle
668,7,yellow circle
669,3,pink circle
669,3,white diamond
670,8,white star
671,6,blue triangle
672,1,green star
672,7,orange triangle
673,3,orange square
673,3,pink star
674,1,brown diamond
675,5,orange diamond
676,4,purple rectangle
676,1,black oval
677,1,orange star
677,4,white rectangle
678,3,brown circle
679,9,orange square
680,8,yellow square
681,2,black rectangle
681,5,pink square
682,1,brown triangle
682,5,blue diamond
683,2,yellow star
683,4,orange square
684,9,white square
685,6,purple square
686,2,white circle
687,6,red circle
688,3,pink oval
689,1,purple rectangle
689,2,black diamond
690,1,yellow rectangle
690,2,blue oval
691,7,purple oval
692,1,pink square
692,4,white diamond
693,6,green triangle
694,5,purple square
694,4,blue square
695,8,brown oval
696,1,yellow rectangle
696,4,blue triangle
697,1,yellow diamond
697,2,orange star
698,7,blue oval
699,1,black triangle
699,4,white diamond
700,6,red rectangle
700,3,black diamond
701,1,yellow oval
701,2,red rectangle
702,4,green square
702,5,brown rectangle
703,1,orange circle
703,5,red star
704,4,brown square
704,5,yellow rectangle
705,9,blue diamond
706,8,white oval
707,2,pink circle
707,1,blue rectangle
708,1,red rectangle
708,2,orange square
709,6,blue square
710,3,white star
710,1,green circle
711,1,blue circle
711,6,orange star
712,4,orange square
713,1,purple square
713,7,blue circle
714,3,green triangle
715,6,blue triangle
716,8,purple star
717,4,purple oval
717,5,blue rectangle
718,1,green oval
718,5,pink circle
719,2,blue star
719,3,pink oval
720,1,brown star
721,5,pink rectangle
721,3,red oval
722,5,yellow square
723,1,purple square
723,7,orange square
724,8,orange star
725,3,green triangle
726,2,black oval
726,2,orange square
727,7,white rectangle
728,1,orange diamond
728,4,green triangle
729,2,purple square
730,1,yellow star
730,4,blue circle
731,1,white rectangle
731,2,red diamond
732,9,black oval
733,4,black square
734,5,orange diamond
734,1,red oval
735,9,black oval
736,8,yellow square
737,5,black rectangle
738,5,orange triangle
739,1,black square
739,3,purple square
740,1,blue triangle
740,3,pink oval
741,5,pink circle
742,1,white triangle
743,1,brown circle
743,3,pink triangle
744,5,green oval
745,2,purple oval
745,2,green circle
746,1,orange square
746,3,pink circle
747,1,blue diamond
748,6,yellow oval
748,2,orange star
749,4,orange oval
750,5,yellow rectangle
750,2,green star
751,1,black circle
752,5,green circle
753,3,black rectangle
754,6,black oval
755,7,blue triangle
756,6,pink rectangle
757,8,brown oval
758,9,yellow diamond
759,8,green diamond
760,8,green star
761,5,orange square
761,2,black square
762,2,red square
762,2,purple circle
763,2,red triangle
764,2,orange star
765,5,purple diamond
765,2,yellow diamond
766,1,black triangle
766,7,green diamond
767,1,orange star
767,5,pink circle
768,8,brown rectangle
769,1,orange rectangle
769,5,yellow star
770,2,yellow square
770,7,orange diamond
771,1,blue triangle
771,2,blue square
772,5,red circle
773,8,yellow square
774,8,brown rectangle
775,1,white circle
775,3,black triangle
776,6,pink oval
777,2,blue diamond
777,1,red circle
778,1,white circle
778,2,orange circle
779,5,yellow circle
780,1,purple rectangle
781,6,orange triangle
782,1,black square
782,6,white rectangle
783,1,yellow rectangle
783,2,green circle
784,4,white diamond
784,3,black triangle
785,7,white star
786,4,red oval
787,7,green rectangle
788,3,white star
789,3,pink triangle
790,1,orange star
791,2,orange rectangle
791,2,pink triangle
792,3,yellow star
792,1,blue oval
793,3,black triangle
794,8,purple diamond
795,6,brown rectangle
796,7,orange oval
796,1,black circle
797,1,black star
797,2,green star
798,2,orange rectangle
798,3,purple circle
799,1,black rectangle
799,5,pink circle
800,4,green oval
801,5,green oval
802,6,red circle
803,2,blue rectangle
803,6,pink oval
804,1,yellow triangle
805,7,orange rectangle
806,7,brown diamond
807,3,green diamond
807,2,yellow star
808,1,red triangle
808,3,pink star
809,7,brown diamond
810,1,green star
810,3,white rectangle
811,3,white rectangle
811,3,purple oval
812,2,green oval
813,1,yellow triangle
814,6,blue circle
815,6,brown square
816,5,red oval
816,3,yellow square
817,1,green diamond
817,4,red circle
818,2,orange square
818,2,orange star
819,7,blue diamond
820,9,brown rectangle
821,4,orange diamond
822,7,green rectangle
822,1,brown triangle
823,2,red diamond
824,2,purple star
824,1,brown oval
825,3,blue triangle
825,4,green circle
826,1,brown diamond
826,3,green rectangle
827,2,pink circle
827,1,black triangle
828,4,white triangle
829,3,green oval
829,6,green square
830,2,yellow circle
830,1,white circle
831,1,purple star
831,4,orange circle
832,3,white diamond
832,1,brown square
833,5,white rectangle
833,4,red diamond
834,5,brown circle
835,1,brown diamond
835,2,green rectangle
836,3,blue oval
836,1,blue circle
837,4,yellow oval
837,4,yellow triangle
838,1,white square
838,5,pink triangle
839,8,black triangle
840,1,green diamond
840,4,green rectangle
841,3,white diamond
841,2,green oval
842,8,blue rectangle
843,3,blue square
844,1,pink triangle
844,3,purple circle
845,3,orange rectangle
845,4,orange square
846,4,pink oval
846,4,brown circle
847,1,pink circle
847,2,pink diamond
848,2,black diamond
849,2,green circle
849,4,red oval
850,4,purple square
850,1,white circle
851,8,blue star
852,1,pink diamond
853,5,white triangle
854,1,orange star
854,2,black oval
855,1,yellow square
855,2,brown circle
856,8,orange diamond
857,3,white square
858,2,blue rectangle
858,3,purple rectangle
859,3,yellow circle
860,5,brown oval
861,9,pink star
862,8,orange diamond
863,2,purple star
864,4,black square
864,2,red rectangle
865,5,green triangle
865,3,red oval
866,3,green triangle
867,2,green oval
867,4,white triangle
868,1,pink star
869,1,orange rectangle
869,2,black square
870,5,blue triangle
870,3,red triangle
871,7,green square
872,6,yellow triangle
872,1,pink rectangle
873,1,blue oval
873,2,red triangle
874,5,white oval
874,1,white diamond
875,5,green diamond
875,1,black circle
876,2,yellow star
876,3,pink square
877,2,white rectangle
878,4,white diamond
879,3,brown square
879,1,blue triangle
880,5,orange diamond
881,1,yellow circle
881,5,blue square
882,1,brown rectangle
882,3,orange rectangle
883,5,pink square
883,2,black oval
884,1,pink circle
885,4,pink star
885,1,purple rectangle
886,3,yellow circle
886,2,blue rectangle
887,2,orange oval
888,2,yellow oval
888,2,purple triangle
889,4,orange circle
889,3,purple diamond
890,3,pink rectangle
890,2,yellow star
891,1,purple triangle
891,4,orange star
892,1,purple circle
893,6,brown circle
894,7,red rectangle
895,9,pink star
896,2,orange circle
896,1,black rectangle
897,1,orange oval
897,2,blue triangle
898,2,purple star
898,1,pink circle
899,9,yellow rectangle
900,1,brown square
900,5,red circle
901,5,green oval
902,4,brown square
903,7,white rectangle
903,2,yellow circle
904,1,blue square
904,6,orange square
905,4,black star
906,5,white square
907,1,pink triangle
907,2,yellow triangle
908,3,green oval
908,5,orange square
909,6,yellow triangle
910,1,pink rectangle
910,6,black diamond
911,1,white circle
911,2,red diamond
912,1,black square
912,4,pink rectangle
913,2,green oval
913,6,orange diamond
914,2,blue square
915,1,black circle
916,3,purple square
916,3,blue star
917,2,black triangle
917,3,pink square
918,1,red square
919,6,green square
919,3,black circle
920,6,orange circle
920,2,red rectangle
921,2,orange triangle
921,1,yellow diamond
922,8,green square
923,1,pink diamond
923,5,yellow circle
924,3,black star
924,4,brown circle
925,2,white star
926,2,green diamond
926,5,orange rectangle
927,8,blue circle
928,3,brown rectangle
928,6,white circle
929,1,pink circle
929,4,pink diamond
930,6,orange triangle
930,3,orange diamond
931,3,black circle
932,1,black square
933,5,purple circle
934,2,red star
934,4,black oval
935,4,pink oval
936,3,yellow diamond
936,5,pink circle
937,1,blue triangle
937,3,orange triangle
938,6,green circle
939,3,white square
939,2,orange star
940,8,red oval
941,8,purple rectangle
942,1,brown oval
942,3,white circle
943,1,green circle
943,5,green square
944,1,pink triangle
944,7,purple diamond
945,1,green star
945,6,brown triangle
946,3,white rectangle
947,2,orange circle
948,8,red square
949,1,white oval
949,4,brown circle
950,3,blue circle
950,6,green circle
951,5,blue diamond
951,4,pink triangle
952,9,yellow circle
953,6,purple square
954,2,yellow circle
954,1,green rectangle
955,2,white circle
955,7,brown diamond
956,8,orange oval
957,3,blue square
958,1,red circle
958,3,yellow diamond
959,1,black square
959,2,brown square
960,1,brown circle
960,3,white star
961,1,brown triangle
961,2,orange circle
962,6,purple diamond
962,1,red oval
963,2,blue square
964,2,brown square
964,1,red rectangle
965,8,blue circle
966,5,purple star
966,3,black diamond
967,8,yellow oval
968,3,orange oval
968,6,orange triangle
969,9,blue square
970,1,black oval
970,4,red rectangle
971,6,yellow triangle
972,8,green star
973,8,purple square
974,3,orange triangle
975,1,green circle
975,4,purple rectangle
976,1,brown diamond
977,3,purple star
977,4,black diamond
978,1,orange triangle
978,2,green square
979,1,blue rectangle
979,3,brown rectangle
980,1,white rectangle
981,1,white circle
981,5,orange circle
982,6,orange square
983,5,green star
984,5,purple oval
984,1,black diamond
985,3,pink diamond
986,1,green triangle
986,2,black oval
987,1,white diamond
988,3,pink star
988,4,brown diamond
989,3,red circle
989,5,white square
990,5,black circle
991,5,pink star
992,4,yellow oval
992,4,green diamond
993,1,orange oval
994,1,yellow circle
994,3,green square
995,2,orange diamond
995,5,white diamond
996,6,pink oval
996,1,orange square
997,2,green oval
998,1,white rectangle
999,7,yellow star
1000,1,white diamond
1000,2,orange circle
1001,6,pink star
1001,3,orange circle
1002,4,white star
1003,2,white square
1003,1,brown square
1004,7,pink star
1005,2,brown rectangle
1005,2,green oval
1006,8,green rectangle
1007,7,green oval
1008,3,purple triangle
1009,9,green triangle
1010,1,pink circle
1011,8,purple square
1011,1,white circle
1012,1,white circle
1012,2,black star
1013,1,red circle
1013,7,brown triangle
1014,7,brown square
1015,1,blue star
1016,7,orange oval
1017,2,red oval
1017,6,brown rectangle
1018,5,white rectangle
1019,4,red circle
1020,4,red diamond
1020,5,orange circle
1021,1,green square
1021,8,blue square
1022,3,brown rectangle
1022,4,pink square
1023,4,yellow square
1023,4,yellow rectangle
1024,7,black oval
1025,3,blue diamond
1025,4,orange diamond
1026,7,brown circle
1027,3,brown oval
1027,3,blue oval
1028,7,black diamond
1028,1,yellow star
1029,2,purple rectangle
1030,2,pink triangle
1030,3,blue circle
1031,2,orange triangle
1032,3,orange square
1032,4,pink oval
1033,1,purple oval
1033,2,green diamond
1034,7,orange circle
1035,4,brown oval
1036,2,black rectangle
1036,1,blue circle
1037,8,pink triangle
1038,3,brown square
1039,4,yellow oval
1040,9,red triangle
1041,3,white square
1042,5,white square
1043,3,yellow rectangle
1043,1,pink square
1044,1,purple triangle
1044,5,pink circle
1045,4,purple star
1046,3,orange star
1047,3,yellow triangle
1047,4,pink diamond
1048,5,orange square
1049,7,pink oval
1050,6,pink rectangle
1051,2,blue circle
1051,4,red circle
1052,6,white diamond
1053,3,pink circle
1054,3,black rectangle
1054,1,yellow square
1055,1,white star
1055,2,green diamond
1056,1,brown diamond
1056,2,green triangle
1057,2,purple rectangle
1058,1,green triangle
1058,3,red star
1059,4,white diamond
1060,7,orange circle
1061,5,yellow rectangle
1061,1,orange square
1062,6,green square
1062,3,pink oval
1063,3,green triangle
1064,5,blue star
1065,4,purple circle
1066,9,purple oval
1067,2,black square
1067,1,black circle
1068,3,purple triangle
1068,4,red square
1069,8,purple square
1070,5,blue oval
1071,9,white rectangle
1072,3,red triangle
1073,2,purple square
1073,3,blue oval
1074,7,green circle
1075,1,green star
1075,6,blue rectangle
1076,1,white rectangle
1077,9,blue rectangle
1078,2,brown square
1078,1,yellow diamond
1079,6,brown diamond
1080,2,purple square
1080,1,red rectangle
1081,1,red diamond
1081,7,red rectangle
1082,5,black triangle
1082,3,blue star
1083,1,white circle
1083,2,orange circle
1084,2,red circle
1085,1,green diamond
1085,3,red rectangle
1086,2,orange oval
1086,5,black star
1087,1,purple oval
1088,3,purple circle
1088,5,pink star
1089,2,brown oval
1089,1,green star
1090,1,brown rectangle
1090,3,purple oval
1091,9,black triangle
1092,3,blue circle
1092,3,brown diamond
1093,9,white rectangle
1094,1,black diamond
1094,8,purple diamond
1095,5,white diamond
1096,7,yellow circle
1097,4,blue circle
1098,5,pink rectangle
1099,6,white rectangle
1100,1,yellow rectangle
1100,6,green circle
1101,1,black oval
1101,8,green oval
1102,1,green rectangle
1102,7,brown circle
1103,9,yellow triangle
1104,1,green star
1104,5,green triangle
1105,3,orange oval
1105,1,brown square
1106,5,pink triangle
1107,2,brown oval
1108,3,yellow rectangle
1108,5,black diamond
1109,1,yellow triangle
1109,8,red diamond
1110,3,purple circle
1110,4,brown diamond
1111,2,white rectangle
1112,8,red rectangle
1113,4,orange triangle
1113,1,black triangle
1114,6,white diamond
1115,2,purple circle
1116,1,white star
1117,1,yellow diamond
1118,8,blue rectangle
1119,1,yellow triangle
1119,7,green circle
1120,1,yellow circle
1120,6,purple oval
1121,3,white square
1121,6,pink rectangle
1122,6,orange star
1123,6,purple rectangle
1123,2,orange circle
1124,7,green rectangle
1125,8,white triangle
1126,1,blue oval
1127,9,purple diamond
1128,3,brown diamond
1128,2,white diamond
1129,6,blue rectangle
1130,4,green star
1131,4,white diamond
1132,6,red square
1133,1,yellow oval
1133,2,red circle
1134,1,black oval
1134,3,purple circle
1135,9,purple oval
1136,9,blue rectangle
1137,1,red oval
1137,2,red rectangle
1138,3,green circle
1138,1,white oval
1139,2,red oval
1139,6,orange square
1140,9,purple diamond
1141,1,pink diamond
1141,2,black diamond
1142,8,red diamond
1143,3,blue square
1143,1,pink oval
1144,6,pink square
1145,4,blue rectangle
1145,1,green star
1146,8,purple diamond
1146,1,yellow circle
1147,6,green rectangle
1148,5,purple star
1149,1,red oval
1149,2,pink diamond
1150,6,green triangle
1151,8,pink star
1152,2,red triangle
1152,1,white rectangle
1153,1,orange star
1153,5,orange circle
1154,1,black circle
1154,2,brown triangle
1155,1,orange triangle
1155,2,white rectangle
1156,1,yellow rectangle
1156,4,blue rectangle
1157,4,blue rectangle
1158,7,pink square
1159,3,orange square
1159,4,white oval
1160,8,orange square
1161,4,pink triangle
1161,2,blue diamond
1162,3,yellow circle
1162,3,green square
1163,2,blue diamond
1163,3,green triangle
1164,5,white star
1164,1,pink star
1165,1,brown oval
1165,4,orange diamond
1166,6,white square
1167,7,blue oval
1168,1,orange rectangle
1168,2,purple square
1169,3,white square
1169,4,orange diamond
1170,5,pink triangle
1170,4,pink rectangle
1171,2,green circle
1172,1,black star
1172,4,white rectangle
1173,8,white rectangle
1174,7,purple square
1174,2,red star
1175,3,red star
1175,1,white diamond
1176,1,white circle
1176,3,pink diamond
1177,3,black star
1177,3,orange triangle
1178,4,white star
1178,5,purple rectangle
1179,4,orange circle
1179,1,brown triangle
1180,1,red diamond
1181,7,orange circle
1182,2,pink circle
1183,4,black star
1183,3,green rectangle
1184,2,blue rectangle
1185,2,pink rectangle
1185,2,pink oval
1186,4,orange rectangle
1186,1,purple square
1187,8,green rectangle
1188,7,blue circle
1189,6,white oval
1190,1,blue square
1190,3,yellow oval
1191,3,black star
1192,1,black circle
1192,6,black triangle
1193,6,white oval
1194,7,white circle
1195,1,black square
1195,2,white circle
1196,2,red square
1196,1,red rectangle
1197,1,green star
1198,2,red square
1198,1,orange square
1199,8,orange star
1200,2,green rectangle
1201,3,yellow rectangle
1202,8,purple rectangle
1203,2,pink circle
1203,1,white rectangle
1204,1,black oval
1204,4,red star
1205,2,black diamond
1205,5,black oval
1206,1,orange triangle
1206,5,purple square
1207,2,yellow rectangle
1208,1,green rectangle
1209,1,red triangle
1210,2,white circle
1211,4,purple diamond
1211,5,black rectangle
1212,2,yellow square
1213,3,black oval
1213,2,yellow square
1214,4,white rectangle
1215,4,blue square
1215,1,brown diamond
1216,3,brown oval
1217,5,green oval
1218,1,brown square
1218,8,red diamond
1219,9,pink circle
1220,1,yellow square
1220,2,purple diamond
1221,3,pink rectangle
1221,4,blue circle
1222,6,black star
1223,1,purple oval
1223,5,yellow rectangle
1224,5,orange square
1225,2,orange rectangle
1226,9,orange triangle
1227,3,white circle
1227,4,pink square
1228,4,red circle
1228,2,red diamond
1229,9,green triangle
1230,6,red triangle
1230,2,red square
1231,4,blue triangle
1232,1,blue star
1232,4,yellow star
1233,2,black rectangle
1234,1,red diamond
1234,2,blue diamond
1235,7,blue square
1236,3,black circle
1236,1,purple diamond
1237,9,white diamond
1238,4,brown square
1239,1,white rectangle
1239,7,brown square
1240,4,green rectangle
1240,1,purple rectangle
1241,4,black rectangle
1241,5,white rectangle
1242,2,green rectangle
1242,7,white circle
1243,4,red diamond
1243,1,pink square
1244,4,pink star
1244,1,white oval
1245,8,purple square
1246,2,pink oval
1247,2,white circle
1247,5,red oval
1248,5,purple oval
1249,9,white rectangle
1250,4,blue diamond
1251,1,black rectangle
1251,6,orange rectangle
1252,6,brown square
1253,5,white square
1254,1,white rectangle
1254,5,orange rectangle
1255,5,white rectangle
1255,1,blue circle
1256,6,blue square
1257,2,black square
1258,7,black square
1259,6,green square
1260,7,white star
1260,1,red star
1261,4,blue diamond
1261,2,red triangle
1262,1,green circle
1263,2,green circle
1263,2,white triangle
1264,5,orange oval
1264,3,purple square
1265,2,black oval
1265,2,green square
1266,2,black star
1266,2,brown square
1267,4,purple square
1268,4,blue square
1269,2,white circle
1269,2,pink square
1270,5,yellow circle
1271,4,white star
1271,5,blue star
1272,4,red triangle
1273,9,white star
1274,4,black circle
1275,1,orange oval
1275,7,orange square
1276,7,orange oval
1277,2,pink diamond
1277,1,purple rectangle
1278,2,blue rectangle
1278,5,yellow triangle
1279,1,yellow rectangle
1280,7,pink triangle
1281,3,blue diamond
1282,1,black rectangle
1282,2,green star
1283,2,yellow oval
1283,1,blue oval
1284,7,black rectangle
1284,2,blue rectangle
1285,1,black square
1286,4,pink rectangle
1286,2,yellow triangle
1287,2,purple diamond
1287,1,orange star
1288,1,pink triangle
1288,7,pink rectangle
1289,4,purple rectangle
1290,8,white diamond
1290,1,brown rectangle
1291,6,pink star
1292,7,red triangle
1293,3,green triangle
1293,3,orange circle
1294,6,black star
1295,1,red star
1295,3,blue square
1296,3,red oval
1296,3,black oval
1297,2,yellow circle
1297,6,blue rectangle
1298,9,pink diamond
1299,6,pink diamond
1300,3,green square
1301,2,brown circle
1301,3,red square
1302,1,yellow diamond
1302,2,black square
1303,2,pink square
1303,5,green diamond
1304,5,purple square
1305,1,orange rectangle
1305,2,brown oval
1306,8,yellow square
1307,5,white rectangle
1308,1,white star
1309,1,green circle
1309,4,blue rectangle
1310,5,blue circle
1311,1,purple oval
1311,8,yellow star
1312,1,blue square
1312,2,red triangle
1313,9,pink square
1314,3,white circle
1315,1,blue diamond
1315,5,yellow rectangle
1316,4,brown triangle
1317,2,blue circle
1317,3,yellow oval
1318,1,orange star
1319,5,pink rectangle
1319,1,black rectangle
1320,7,black circle
1321,3,white star
1321,4,blue diamond
1322,2,purple diamond
1322,2,yellow circle
1323,2,orange rectangle
1324,2,white square
1324,6,purple triangle
1325,1,purple rectangle
1325,3,blue star
1326,1,green circle
1326,5,yellow star
1327,1,yellow circle
1327,3,orange rectangle
1328,8,pink triangle
1329,9,pink triangle
1330,2,white oval
1331,2,red oval
1331,2,yellow oval
1332,2,pink star
1333,6,green square
1333,3,green circle
1334,1,white triangle
1334,3,brown oval
1335,1,pink triangle
1336,9,green triangle
1337,3,blue rectangle
1337,2,brown diamond
1338,1,orange rectangle
1338,6,red triangle
1339,8,red circle
1340,2,black star
1340,4,purple oval
1341,4,purple square
1342,1,blue square
1342,4,orange square
1343,3,orange star
1343,6,yellow diamond
1344,1,green circle
1345,3,pink oval
1346,2,red diamond
1346,3,white rectangle
1347,3,yellow triangle
1348,3,orange rectangle
1349,6,orange diamond
1350,4,pink diamond
1351,3,purple square
1351,6,black star
1352,7,white triangle
1353,4,green diamond
1353,4,brown circle
1354,9,white triangle
1355,2,yellow oval
1355,5,orange rectangle
1356,9,purple rectangle
1357,1,black star
1358,1,purple triangle
1358,8,purple rectangle
1359,1,purple circle
1360,3,blue circle
1360,4,red rectangle
1361,4,blue circle
1361,5,purple square
1362,2,pink oval
1362,2,yellow diamond
1363,4,orange diamond
1363,1,white diamond
1364,2,pink oval
1364,4,blue circle
1365,6,orange square
1365,1,black square
1366,2,brown triangle
1367,5,pink rectangle
1368,8,pink rectangle
1368,1,brown diamond
1369,2,white oval
1369,4,brown square
1370,6,yellow oval
1371,8,brown rectangle
1371,1,purple rectangle
1372,4,orange circle
1372,1,yellow rectangle
1373,8,orange star
1374,5,red triangle
1375,5,white rectangle
1375,1,purple diamond
1376,4,black square
1376,2,red triangle
1377,1,orange star
1377,7,red circle
1378,2,black oval
1378,7,blue circle
1379,2,orange oval
1379,1,orange diamond
1380,2,black square
1381,1,blue circle
1381,2,green square
1382,4,white oval
1382,4,white star
1383,4,orange oval
1384,2,black triangle
1384,5,white rectangle
1385,4,white oval
1385,2,black diamond
1386,3,red circle
1387,1,red oval
1387,5,white circle
1388,2,yellow star
1389,8,black circle
1390,9,black star
1391,6,green rectangle
1391,2,pink triangle
1392,6,pink oval
1393,2,green square
1393,3,yellow oval
1394,2,brown star
1395,8,white oval
1396,1,white diamond
1396,8,yellow rectangle
1397,1,yellow star
1398,4,pink diamond
1399,5,yellow diamond
1399,1,brown rectangle
1400,6,orange oval
1401,1,white circle
1401,2,brown triangle
1402,7,red oval
1402,2,purple triangle
1403,3,red star
1403,3,orange oval
1404,4,blue circle
1404,2,purple square
1405,2,blue circle
1405,1,purple rectangle
1406,9,blue oval
1407,3,black star
1408,1,blue square
1409,1,red star
1409,4,pink diamond
1410,1,black triangle
1411,2,purple star
1412,1,red rectangle
1412,3,orange diamond
1413,2,white diamond
1414,8,black rectangle
1415,4,brown oval
1416,3,red diamond
1417,1,black triangle
1418,3,white rectangle
1419,1,green square
1419,5,black star
1420,1,yellow circle
1421,6,purple triangle
1422,1,pink oval
1422,4,red rectangle
1423,7,red rectangle
1424,1,orange oval
1424,2,pink diamond
1425,2,black triangle
1425,4,blue star
1426,3,purple diamond
1426,3,green diamond
1427,5,red rectangle
1428,1,purple oval
1428,2,black rectangle
1429,1,yellow star
1430,2,purple oval
1430,7,brown diamond
1431,8,white diamond
1432,2,orange rectangle
1432,4,brown rectangle
1433,6,brown rectangle
1434,5,purple diamond
1435,7,red triangle
1436,4,black triangle
1437,6,black star
1438,1,brown circle
1438,7,black triangle
1439,2,black oval
1439,2,black circle
1440,3,brown square
1440,4,blue star
1441,1,pink rectangle
1441,6,purple triangle
1442,5,brown star
1443,2,white triangle
1444,6,green circle
1444,2,red oval
1445,5,red triangle
1446,7,yellow diamond
1447,3,brown rectangle
1447,5,blue rectangle
1448,2,orange star
1448,4,pink oval
1449,1,purple triangle
1449,2,white square
1450,1,white rectangle
1450,6,red oval
1451,7,purple circle
1451,2,pink triangle
1452,1,green diamond
1452,3,red triangle
1453,2,black circle
1454,1,blue circle
1455,5,yellow circle
1456,9,orange triangle
1457,7,black triangle
1458,4,pink triangle
1459,1,yellow circle
1459,5,yellow diamond
1460,6,black triangle
1461,6,black circle
1461,2,red star
1462,1,black star
1462,4,purple circle
1463,1,yellow diamond
1464,5,brown oval
1465,5,purple square
1466,1,blue oval
1466,2,green star
1467,5,white circle
1468,2,yellow square
1468,2,purple star
1469,2,blue rectangle
1470,1,brown rectangle
1470,6,white triangle
1471,9,red oval
1472,2,white rectangle
1472,7,red triangle
1473,6,yellow square
1474,5,green star
1475,1,red circle
1475,3,pink rectangle
1476,3,black star
1477,1,orange diamond
1477,7,red triangle
1478,9,green rectangle
1479,1,yellow star
1479,5,orange square
1480,3,blue star
1481,7,green diamond
1482,1,pink rectangle
1482,4,white oval
1483,2,black square
1483,6,green oval
1484,2,white square
1484,5,brown oval
1485,2,green triangle
1485,4,green circle
1486,5,yellow rectangle
1487,5,orange diamond
1487,2,pink star
1488,9,red triangle
1489,1,blue star
1489,5,yellow triangle
1490,2,white triangle
1491,5,pink triangle
1491,1,pink star
1492,1,red triangle
1492,6,orange circle
1493,1,blue rectangle
1493,8,blue square
1494,1,black circle
1494,7,red square
1495,1,yellow star
1495,2,blue diamond
1496,9,red star
1497,7,brown star
1498,1,brown circle
1498,3,green star
1499,5,brown oval
1500,8,brown rectangle
1500,1,black diamond
1501,6,white diamond
1502,3,brown oval
1502,1,black diamond
1503,1,blue square
1503,3,white diamond
1504,1,black square
1504,2,black triangle
1505,3,red diamond
1506,6,brown circle
1507,3,green diamond
1508,9,blue circle
1509,1,white triangle
1509,3,blue circle
1510,5,orange star
1510,1,black circle
1511,2,white square
1511,2,brown diamond
1512,5,purple star
1513,2,black circle
1514,5,yellow star
1514,1,orange rectangle
1515,5,pink oval
1515,1,orange diamond
1516,1,white oval
1516,8,black square
1517,5,brown circle
1517,1,blue rectangle
1518,5,orange diamond
1519,1,purple circle
1519,3,orange diamond
1520,9,green diamond
1521,1,pink diamond
1521,2,brown square
1522,3,purple star
1522,4,red rectangle
1523,4,purple rectangle
1524,1,red star
1524,2,brown circle
1525,3,green diamond
1526,4,brown oval
1526,3,orange circle
1527,4,brown square
1527,2,pink diamond
1528,7,white circle
1529,3,green diamond
1529,4,yellow circle
1530,3,black diamond
1531,9,black star
1532,7,blue triangle
1533,1,white triangle
1533,3,black triangle
1534,2,orange circle
1535,2,pink star
1535,3,yellow rectangle
1536,1,black square
1537,1,yellow rectangle
1537,2,blue circle
1538,8,brown triangle
1539,2,red diamond
1539,5,brown circle
1540,1,red diamond
1540,7,white rectangle
1541,1,white star
1541,7,black rectangle
1542,1,black circle
1542,7,black square
1543,1,yellow star
1543,2,brown square
1544,1,purple square
1544,8,white square
1545,5,pink diamond
1545,2,purple rectangle
1546,3,purple triangle
1546,4,white triangle
1547,1,purple triangle
1547,3,purple rectangle
1548,6,orange diamond
1549,2,purple oval
1549,1,red star
1550,5,black rectangle
1551,1,orange triangle
1552,7,pink rectangle
1553,1,red oval
1553,4,purple star
1554,4,yellow star
1555,8,brown triangle
1556,7,blue circle
1556,2,orange circle
1557,3,black rectangle
1558,2,yellow rectangle
1559,4,green oval
1559,5,green star
1560,6,yellow rectangle
1560,2,orange rectangle
1561,2,blue oval
1561,1,orange circle
1562,3,black diamond
1562,1,pink star
1563,1,orange star
1563,3,brown diamond
1564,7,yellow diamond
1565,7,black oval
1566,2,yellow square
1567,2,white rectangle
1568,2,pink oval
1568,5,black square
1569,4,red square
1569,1,black oval
1570,1,blue rectangle
1570,6,green rectangle
1571,3,yellow rectangle
1572,1,blue square
1573,1,pink circle
1573,6,white rectangle
1574,5,blue square
1574,3,yellow diamond
1575,3,yellow square
1575,5,green circle
1576,2,blue rectangle
1576,7,blue circle
1577,5,black star
1577,1,green triangle
1578,5,white square
1578,3,yellow oval
1579,1,yellow square
1580,3,brown square
1581,9,green circle
1582,4,brown triangle
1582,5,black oval
1583,6,black star
1583,2,brown square
1584,2,purple triangle
1584,1,purple circle
1585,1,brown star
1586,1,brown oval
1586,3,yellow star
1587,2,white triangle
1587,1,brown triangle
1588,2,red oval
1589,1,red triangle
1589,5,yellow oval
1590,8,brown circle
1591,1,brown oval
1591,7,yellow square
1592,6,pink rectangle
1593,3,black rectangle
1593,1,black diamond
1594,1,red circle
1594,2,orange diamond
1595,4,purple oval
1596,3,purple circle
1597,1,blue circle
1598,8,red triangle
1599,4,black circle
1599,5,orange star
1600,1,green circle
1600,2,black triangle
1601,8,brown circle
1602,1,yellow oval
1602,2,blue diamond
1603,2,pink rectangle
1604,8,yellow star
1604,1,black diamond
1605,5,green oval
1606,1,purple square
1606,2,red square
1607,1,blue oval
1607,3,green circle
1608,2,blue rectangle
1609,1,pink circle
1610,1,purple diamond
1610,2,black star
1611,7,pink circle
1612,6,pink square
1612,3,yellow triangle
1613,3,black oval
1614,9,yellow oval
1615,2,black star
1615,1,blue diamond
1616,3,white star
1616,4,purple square
1617,2,white triangle
1617,2,red rectangle
1618,3,black oval
1618,3,white circle
1619,1,purple star
1619,6,green oval
1620,4,brown diamond
1620,2,white square
1621,1,purple circle
1621,5,green diamond
1622,1,purple diamond
1623,6,green diamond
1624,2,orange diamond
1624,5,blue circle
1625,1,white diamond
1625,2,green oval
1626,2,brown circle
1626,2,black oval
1627,2,blue circle
1627,7,blue star
1628,3,red circle
1629,3,brown oval
1629,5,purple diamond
1630,2,pink triangle
1630,7,orange square
1631,2,orange rectangle
1632,4,orange oval
1633,7,brown rectangle
1633,1,green square
1634,4,orange square
1635,2,orange diamond
1635,1,white diamond
1636,6,pink circle
1637,2,blue square
1637,2,white triangle
1638,9,pink star
1639,5,white star
1640,7,yellow circle
1640,1,purple diamond
1641,4,blue square
1642,1,green triangle
1642,3,orange rectangle
1643,2,brown circle
1643,2,pink square
1644,7,red triangle
1645,2,green rectangle
1645,1,black square
1646,3,brown circle
1646,4,green diamond
1647,9,pink square
1648,2,white oval
1648,2,orange oval
1649,1,brown oval
1649,7,black oval
1650,1,purple star
1651,9,purple diamond
1652,4,red star
1653,3,orange rectangle
1653,2,red square
1654,8,green star
1655,3,orange diamond
1656,2,pink triangle
1656,4,white circle
1657,3,blue diamond
1658,3,brown diamond
1659,6,white rectangle
1659,2,brown triangle
1660,4,purple triangle
1661,1,blue diamond
1661,2,orange triangle
1662,1,purple diamond
1662,4,red star
1663,3,yellow rectangle
1663,2,orange circle
1664,3,purple rectangle
1665,7,pink square
1666,5,orange diamond
1667,8,white square
1668,8,purple diamond
1669,5,purple circle
1670,1,red circle
1670,6,black triangle
1671,7,orange rectangle
1672,7,green rectangle
1673,7,purple star
1674,2,blue star
1674,4,black triangle
1675,8,white diamond
1676,3,blue star
1677,5,red star
1677,2,white oval
1678,1,pink diamond
1678,3,white star
1679,7,black triangle
1679,1,purple circle
1680,6,red star
1680,1,white square
1681,4,red rectangle
1682,2,blue rectangle
1683,4,orange square
1684,4,yellow oval
1684,2,white rectangle
1685,6,blue oval
1686,1,purple rectangle
1687,2,brown rectangle
1687,3,yellow circle
1688,1,pink circle
1689,8,green square
1690,3,blue diamond
1690,1,yellow triangle
1691,1,yellow rectangle
1691,3,brown rectangle
1692,1,brown diamond
1693,7,yellow triangle
1693,1,black oval
1694,1,green triangle
1694,3,blue diamond
1695,4,yellow star
1696,2,red diamond
1696,5,red circle
1697,2,brown diamond
1697,3,white square
1698,2,brown oval
1698,5,orange star
1699,1,purple rectangle
1699,5,pink oval
1700,1,yellow square
1700,8,black star
1701,3,orange diamond
1702,6,orange circle
1703,6,red circle
1704,7,brown triangle
1705,2,black oval
1705,3,pink star
1706,8,red circle
1707,2,brown circle
1707,5,pink diamond
1708,4,white star
1708,4,blue rectangle
1709,1,green diamond
1709,2,yellow star
1710,1,blue square
1710,3,blue circle
1711,3,pink oval
1711,2,black star
1712,1,green star
1712,2,pink square
1713,3,white diamond
1713,6,red diamond
1714,7,black square
1715,1,yellow oval
1715,2,orange diamond
1716,3,red square
1717,7,orange oval
1718,6,pink star
1719,2,orange oval
1719,5,blue rectangle
1720,8,orange rectangle
1721,2,red diamond
1722,7,orange oval
1722,1,pink oval
1723,2,pink triangle
1723,4,white rectangle
1724,4,pink oval
1725,1,orange diamond
1726,3,pink rectangle
1726,5,white triangle
1727,1,purple circle
1727,5,yellow oval
1728,1,blue star
1728,2,green star
1729,1,red triangle
1729,2,yellow star
1730,6,purple rectangle
1731,3,blue circle
1731,2,brown square
1732,5,orange triangle
1733,2,green triangle
1733,6,purple star
1734,6,black diamond
1735,1,blue oval
1736,3,white oval
1737,7,green oval
1738,2,pink rectangle
1739,6,green rectangle
1740,2,yellow circle
1740,7,orange square
1741,1,blue diamond
1741,3,white oval
1742,4,yellow circle
1742,2,yellow rectangle
1743,6,white rectangle
1743,3,green square
1744,9,brown rectangle
1745,3,orange square
1745,4,black rectangle
1746,1,pink diamond
1746,8,orange rectangle
1747,9,green star
1748,5,white diamond
1749,6,white square
1750,7,brown triangle
1750,1,orange diamond
1751,1,orange triangle
1751,2,yellow triangle
1752,3,green rectangle
1752,3,black square
1753,2,brown triangle
1753,3,blue oval
1754,2,green rectangle
1754,2,pink star
1755,1,red triangle
1755,4,red circle
1756,1,purple diamond
1756,5,blue triangle
1757,5,yellow oval
1758,8,purple rectangle
1759,2,brown circle
1759,2,pink oval
1760,1,white diamond
1761,5,blue rectangle
1761,2,purple circle
1762,7,green square
1763,4,orange rectangle
1763,1,white square
1764,2,black triangle
1764,4,green diamond
1765,1,pink oval
1765,7,black rectangle
1766,1,white star
1767,1,orange star
1768,1,orange oval
1768,2,pink star
1769,1,pink diamond
1769,4,red triangle
1770,1,white circle
1770,3,red square
1771,6,orange diamond
1772,7,green rectangle
1773,1,yellow star
1774,1,green square
1775,2,brown triangle
1775,7,red rectangle
1776,5,purple diamond
1776,1,brown square
1777,1,blue oval
1777,8,white rectangle
1778,7,black oval
1778,1,brown diamond
1779,1,pink triangle
1779,8,white triangle
1780,5,purple star
1780,4,yellow star
1781,8,black triangle
1782,1,blue triangle
1782,4,yellow oval
1783,4,red triangle
1784,1,orange oval
1784,4,blue rectangle
1785,7,red diamond
1786,1,pink circle
1786,5,blue diamond
1787,1,blue oval
1787,2,purple circle
1788,5,red rectangle
1789,9,yellow diamond
1790,3,blue star
1790,5,black rectangle
1791,2,green star
1792,3,yellow star
1793,5,green rectangle
1794,5,blue circle
1794,2,purple oval
1795,4,yellow square
1795,2,green triangle
1796,4,brown oval
1797,1,yellow diamond
1798,5,blue rectangle
1798,2,red rectangle
1799,1,pink rectangle
1799,4,blue diamond
1800,4,red oval
1801,6,white square
1802,4,orange rectangle
1803,4,purple star
1804,9,orange square
1805,1,black circle
1806,4,red oval
1807,9,orange oval
1808,4,pink square
1808,4,brown triangle
1809,8,green square
1810,5,orange star
1811,1,orange oval
1811,3,green rectangle
1812,6,green square
1813,8,black diamond
1814,8,white star
1815,4,purple diamond
1815,2,brown diamond
1816,4,red rectangle
1816,3,purple diamond
1817,8,green triangle
1818,8,white star
1819,2,black rectangle
1819,2,green star
1820,4,red diamond
1820,2,blue star
1821,6,brown oval
1822,2,brown rectangle
1822,4,brown diamond
1823,1,red circle
1824,1,yellow oval
1824,4,pink diamond
1825,2,black circle
1825,4,white oval
1826,4,red square
1827,9,green diamond
1828,5,white star
1828,1,pink rectangle
1829,8,red circle
1830,5,purple circle
1831,1,orange square
1831,3,black oval
1832,2,blue triangle
1833,3,black circle
1833,2,yellow triangle
1834,7,brown rectangle
1835,2,purple star
1836,1,orange circle
1836,3,red diamond
1837,2,yellow star
1837,6,red star
1838,9,orange diamond
1839,4,red triangle
1840,2,brown square
1841,3,pink oval
1841,1,red oval
1842,4,orange triangle
1842,4,orange diamond
1843,8,pink diamond
1844,1,white oval
1845,3,yellow rectangle
1845,6,red triangle
1846,3,green circle
1847,6,red triangle
1847,1,pink star
1848,3,black star
1849,1,orange rectangle
1849,2,green triangle
1850,9,blue triangle
1851,5,purple triangle
1851,2,blue square
1852,2,yellow square
1852,2,green rectangle
1853,3,white triangle
1854,4,green star
1855,2,purple triangle
1856,1,purple star
1856,2,purple diamond
1857,4,blue triangle
1857,1,green diamond
1858,2,white triangle
1859,6,orange triangle
1860,9,black square
1861,5,pink triangle
1862,3,pink rectangle
1863,1,red rectangle
1863,2,brown circle
1864,2,red diamond
1865,7,white oval
1866,5,orange star
1867,1,purple circle
1868,3,yellow circle
1869,7,orange triangle
1869,1,green triangle
1870,7,green star
1871,5,brown triangle
1872,2,brown diamond
1873,6,red triangle
1873,2,yellow oval
1874,9,orange triangle
1875,8,purple star
1876,2,orange rectangle
1876,3,pink diamond
1877,6,red rectangle
1878,1,green star
1879,4,brown circle
1880,1,orange circle
1880,2,orange rectangle
1881,4,blue oval
1882,4,orange diamond
1882,1,white triangle
1883,1,orange diamond
1884,5,black circle
1885,7,purple triangle
1886,8,blue square
1887,3,yellow oval
1887,1,yellow triangle
1888,6,white circle
1888,1,white oval
1889,7,purple oval
1890,7,red rectangle
1891,1,purple rectangle
1892,8,pink star
1893,6,blue circle
1894,8,green oval
1895,1,black square
1896,3,yellow oval
1896,1,green oval
1897,4,white diamond
1897,1,blue star
1898,1,orange oval
1898,3,white square
1899,1,black circle
1899,6,green oval
1900,3,brown star
1901,9,yellow diamond
1902,1,orange star
1902,4,white star
1903,1,black triangle
1904,2,orange square
1904,3,green diamond
1905,3,white rectangle
1905,3,pink triangle
1906,6,orange triangle
1907,6,orange square
1908,2,red circle
1908,6,white circle
1909,1,yellow diamond
1909,8,red star
1910,3,blue square
1911,6,orange oval
1912,4,red square
1913,8,purple circle
1914,5,blue triangle
1914,1,green square
1915,6,red rectangle
1915,1,orange rectangle
1916,8,pink star
1917,1,white diamond
1917,5,pink square
1918,6,red square
1918,3,purple square
1919,3,yellow rectangle
1919,1,purple star
1920,9,orange star
1921,1,pink diamond
1921,4,blue square
1922,7,white oval
1923,5,blue square
1924,1,black square
1925,1,blue rectangle
1926,9,orange circle
1927,9,pink diamond
1928,5,white diamond
1928,1,red triangle
1929,6,pink circle
1930,4,black oval
1931,6,black star
1931,3,white square
1932,7,purple oval
1933,1,brown rectangle
1933,3,purple oval
1934,2,red triangle
1934,4,red rectangle
1935,7,blue oval
1936,3,black triangle
1936,4,green star
1937,5,pink diamond
1938,3,yellow diamond
1938,5,black square
1939,8,pink oval
1940,4,blue star
1940,4,green oval
1941,8,orange circle
1942,8,black triangle
1943,8,blue rectangle
1943,1,brown rectangle
1944,2,blue oval
1945,2,green rectangle
1945,6,orange triangle
1946,5,green rectangle
1947,1,purple rectangle
1947,6,purple diamond
1948,3,orange diamond
1949,9,yellow triangle
1950,6,white triangle
1951,1,blue square
1951,2,green circle
1952,6,white star
1953,1,green square
1954,9,black star
1955,2,black star
1955,4,orange circle
1956,9,purple rectangle
1957,8,brown circle
1958,5,pink triangle
1959,5,green circle
1959,3,orange diamond
1960,2,purple triangle
1960,5,black square
1961,1,purple square
1961,3,blue rectangle
1962,2,purple triangle
1962,1,yellow star
1963,5,purple diamond
1964,4,orange triangle
1964,1,white circle
1965,5,blue triangle
1965,2,blue star
1966,1,pink triangle
1966,3,black rectangle
1967,1,green diamond
1967,8,black square
1968,5,white diamond
1969,1,black diamond
1969,3,orange oval
1970,1,white triangle
1970,2,yellow rectangle
1971,4,brown square
1972,1,orange diamond
1972,6,pink diamond
1973,6,blue rectangle
1973,1,white star
1974,3,orange rectangle
1975,4,white triangle
1976,2,brown square
1976,6,pink oval
1977,3,red square
1977,6,yellow circle
1978,2,brown triangle
1978,2,brown rectangle
1979,3,yellow rectangle
1980,2,green square
1981,2,green star
1981,1,black oval
1982,1,black circle
1982,3,blue diamond
1983,5,red star
1983,3,white star
1984,9,red triangle
1985,7,purple oval
1986,2,red star
1987,4,green diamond
1987,4,black square
1988,2,black triangle
1988,4,blue square
1989,8,black oval
1990,6,blue triangle
1991,9,orange diamond
1992,3,brown oval
1992,1,pink rectangle
1993,1,orange oval
1993,2,brown oval
1994,4,pink triangle
1995,3,blue square
1995,1,yellow square
1996,3,blue star
1996,4,purple oval
1997,4,yellow rectangle
1997,3,yellow triangle
1998,1,red circle
1999,2,black triangle
1999,2,pink circle
2000,7,red oval
2000,1,black square
2001,3,pink rectangle
2002,3,green star
2002,4,purple square
2003,6,red diamond
2004,6,white star
2004,1,yellow circle
2005,4,orange circle
2005,2,purple circle
2006,2,green oval
2006,2,pink oval
2007,7,white rectangle
2008,3,pink rectangle
2008,3,yellow oval
2009,1,black star
2009,7,pink square
2010,4,black triangle
2010,3,brown rectangle
2011,4,orange circle
2011,3,red diamond
2012,2,red rectangle
2012,3,orange circle
2013,6,white triangle
2013,1,green star
2014,3,red oval
2014,1,yellow star
2015,4,white star
2016,3,green circle
2016,2,red triangle
2017,1,blue star
2017,7,black diamond
2018,6,white circle
2019,3,red oval
2020,1,pink square
2021,5,brown diamond
2021,3,red triangle
2022,1,green oval
2022,2,yellow star
2023,5,purple oval
2023,3,green circle
2024,5,purple square
2025,5,purple oval
2026,3,green rectangle
2026,1,white diamond
2027,6,black diamond
2027,1,white star
2028,8,brown triangle
2029,5,green circle
2030,6,orange rectangle
2031,7,pink triangle
2031,1,purple rectangle
2032,9,red star
2033,5,green diamond
2034,8,black circle
2035,6,pink square
2035,3,blue square
2036,1,brown triangle
2036,2,blue square
2037,5,blue rectangle
2038,6,orange star
2038,3,brown oval
2039,3,red diamond
2040,5,red oval
2040,4,red star
2041,2,green circle
2041,2,blue rectangle
2042,9,pink rectangle
2043,1,blue oval
2044,1,orange oval
2045,6,orange rectangle
2046,4,purple circle
2047,8,pink square
2048,8,orange diamond
2049,2,red triangle
2049,1,orange oval
2050,8,white triangle
2051,8,red oval
2052,6,pink diamond
2053,1,orange oval
2053,5,orange diamond
2054,5,blue triangle
2055,4,purple triangle
2055,3,green diamond
2056,4,green triangle
2056,4,orange rectangle
2057,1,red oval
2058,6,purple circle
2059,4,black oval
2059,4,pink diamond
2060,1,black circle
2060,2,yellow rectangle
2061,4,black circle
2061,3,orange rectangle
2062,1,orange oval
2062,2,brown triangle
2063,2,blue oval
2063,7,orange circle
2064,1,white circle
2064,3,yellow square
2065,2,red diamond
2066,5,pink oval
2066,4,white oval
2067,4,yellow circle
2067,5,purple square
2068,4,pink triangle
2069,3,orange triangle
2069,1,black circle
2070,2,black oval
2070,3,yellow circle
2071,4,black circle
2072,8,purple star
2073,3,pink oval
2074,2,yellow diamond
2074,2,white rectangle
2075,4,black diamond
2076,1,green square
2076,4,white triangle
2077,2,red diamond
2078,9,orange diamond
2079,1,red square
2079,4,purple star
2080,7,black diamond
2081,2,blue square
2082,5,blue oval
2083,3,pink rectangle
2083,3,pink circle
2084,1,blue square
2084,2,black circle
2085,7,purple oval
2086,5,green star
2087,1,red diamond
2088,6,black triangle
2089,3,brown triangle
2089,3,red diamond
2090,2,brown square
2090,3,red square
2091,2,brown oval
2091,5,black circle
2092,9,blue star
2093,2,blue triangle
2093,3,yellow rectangle
2094,1,red diamond
2094,8,black star
2095,1,orange diamond
2095,2,black triangle
2096,9,orange oval
2097,6,blue triangle
2098,4,purple circle
2098,5,green rectangle
2099,1,white oval
2099,2,blue rectangle
2100,1,red circle
2100,4,blue triangle
2101,9,blue diamond
2102,3,brown diamond
2102,4,red triangle
2103,1,pink triangle
2103,6,green star
2104,4,red rectangle
2105,2,pink square
2105,3,green square
2106,1,purple rectangle
2107,1,blue circle
2107,2,brown rectangle
2108,4,purple star
2108,4,black oval
2109,1,blue diamond
2109,3,green oval
2110,1,brown triangle
2111,6,green star
2111,1,purple diamond
2112,2,pink triangle
2112,3,blue diamond
2113,1,green star
2113,6,blue oval
2114,1,brown triangle
2114,3,brown diamond
2115,2,black star
2115,6,blue star
2116,7,pink star
2116,2,pink triangle
2117,4,blue oval
2117,4,red diamond
2118,4,yellow square
2119,7,purple square
2120,4,white oval
2121,4,purple triangle
2122,5,brown oval
2123,6,yellow circle
2123,3,purple star
2124,7,red rectangle
2125,7,green diamond
2126,1,brown oval
2126,3,orange square
2127,2,white oval
2127,1,purple triangle
2128,2,green triangle
2128,3,red oval
2129,2,black rectangle
2130,2,purple square
2130,2,white triangle
2131,1,red diamond
2131,2,orange circle
2132,3,black star
2132,5,purple star
2133,6,pink triangle
2133,3,pink oval
2134,2,orange circle
2135,3,green star
2135,5,white rectangle
2136,2,yellow diamond
2136,1,orange rectangle
2137,5,brown rectangle
2137,2,black rectangle
2138,2,brown triangle
2139,2,blue square
2139,5,brown rectangle
2140,1,purple star
2140,3,purple triangle
2141,5,black oval
2142,1,brown oval
2142,4,red triangle
2143,8,black square
2144,6,green diamond
2144,1,blue square
2145,4,black triangle
2146,4,green square
2147,5,blue star
2148,6,purple rectangle
2149,1,brown oval
2149,2,white star
2150,1,yellow star
2150,3,green circle
2151,2,orange square
2151,1,yellow square
2152,4,white rectangle
2152,4,black oval
2153,2,pink rectangle
2154,5,white diamond
2155,1,blue circle
2156,1,blue oval
2156,2,purple circle
2157,9,purple rectangle
2158,4,purple square
2158,5,brown square
2159,3,purple diamond
2159,6,blue oval
2160,5,red triangle
2160,2,brown circle
2161,1,white oval
2161,6,blue circle
2162,8,white square
2163,3,yellow circle
2163,1,purple oval
2164,4,red diamond
2165,4,black square
2166,1,pink triangle
2166,2,blue rectangle
2167,4,green diamond
2167,4,blue star
2168,3,orange square
2168,5,pink square
2169,2,white rectangle
2169,1,orange diamond
2170,1,orange rectangle
2170,3,pink star
2171,1,red diamond
2171,2,pink rectangle
2172,6,blue triangle
2173,2,blue diamond
2173,7,red oval
2174,2,red star
2174,2,white oval
2175,2,orange star
2176,9,purple star
2177,6,red square
2178,8,blue square
2179,3,red oval
2179,2,orange oval
2180,5,yellow star
2181,2,yellow circle
2181,1,red oval
2182,1,white oval
2182,2,purple diamond
2183,6,pink star
2183,1,brown diamond
2184,7,yellow square
2185,1,brown diamond
2186,3,red triangle
2186,5,blue diamond
2187,7,green circle
2188,1,purple diamond
2188,2,purple oval
2189,7,pink diamond
2190,1,black square
2191,3,orange rectangle
2191,4,black square
2192,1,pink diamond
2192,6,blue diamond
2193,1,white oval
2193,3,white circle
2194,1,black rectangle
2194,3,brown circle
2195,3,yellow circle
2195,1,red diamond
2196,2,brown square
2196,2,pink oval
2197,1,red circle
2198,1,orange triangle
2198,3,blue square
2199,3,brown triangle
2200,1,yellow rectangle
2200,7,brown rectangle
2201,2,purple circle
2202,3,black triangle
2202,5,white star
2203,1,brown diamond
2203,3,brown circle
2204,5,red diamond
2204,4,blue rectangle
2205,6,blue diamond
2206,4,brown triangle
2206,1,blue star
2207,5,yellow triangle
2207,1,white circle
2208,2,red square
2208,1,pink rectangle
2209,3,pink circle
2210,9,yellow star
2211,1,yellow rectangle
2212,4,blue diamond
2213,1,yellow circle
2213,6,red oval
2214,2,yellow square
2214,1,pink rectangle
2215,7,yellow triangle
2216,5,green rectangle
2217,4,brown triangle
2218,1,yellow oval
2218,5,orange rectangle
2219,5,black triangle
2219,4,white triangle
2220,2,orange diamond
2220,7,white star
2221,5,brown rectangle
2221,4,yellow square
2222,7,orange square
2223,6,yellow triangle
2223,1,white rectangle
2224,1,green circle
2224,8,blue star
2225,3,white star
2226,1,purple star
2226,5,purple triangle
2227,1,purple diamond
2227,8,orange star
2228,4,black diamond
2228,4,red rectangle
2229,4,orange square
2229,2,pink circle
2230,4,yellow oval
2231,4,blue diamond
2231,1,red star
2232,1,green diamond
2232,2,purple circle
2233,1,pink square
2233,8,black triangle
2234,4,purple diamond
2235,1,black circle
2235,7,black diamond
2236,6,black star
2237,7,purple triangle
2237,2,red circle
2238,3,yellow square
2239,1,blue rectangle
2240,9,orange star
2241,4,black square
2241,2,yellow oval
2242,7,pink triangle
2242,2,red rectangle
2243,5,purple diamond
2244,1,orange star
2244,3,purple star
2245,3,orange star
2245,1,blue star
2246,1,purple square
2246,8,purple diamond
2247,4,purple circle
2247,3,yellow star
2248,3,black triangle
2248,2,pink triangle
2249,2,blue star
2250,1,green square
2251,9,red star
2252,5,blue star
2252,4,red triangle
2253,1,purple rectangle
2253,5,brown rectangle
2254,2,red oval
2254,1,yellow square
2255,2,purple triangle
2255,2,green oval
2256,6,purple oval
2256,2,red rectangle
2257,4,pink star
2257,2,blue diamond
2258,4,yellow square
2258,5,blue star
2259,6,white rectangle
2260,7,green rectangle
2261,3,red star
2262,1,brown star
2263,6,pink square
2263,3,black diamond
2264,4,yellow oval
2264,4,white diamond
2265,3,black triangle
2265,1,green star
2266,1,red circle
2266,3,purple star
2267,7,white circle
2268,3,purple circle
2268,3,black rectangle
2269,1,blue star
2269,3,brown circle
2270,2,black oval
2270,5,blue circle
2271,3,pink circle
2271,3,brown rectangle
2272,2,pink square
2272,2,purple oval
2273,9,orange square
2274,5,brown diamond
2275,4,black diamond
2275,3,orange rectangle
2276,4,white circle
2276,1,black diamond
2277,2,orange triangle
2278,8,white oval
2279,3,pink triangle
2279,2,pink square
2280,2,pink rectangle
2281,8,white square
2282,3,red star
2282,2,yellow diamond
2283,1,red rectangle
2283,5,red diamond
2284,8,orange circle
2285,3,yellow star
2286,5,pink triangle
2287,4,purple diamond
2287,1,black circle
2288,3,brown circle
2289,6,purple square
2289,1,red square
2290,4,orange star
2290,2,orange circle
2291,2,yellow diamond
2291,6,pink star
2292,1,green square
2292,2,purple oval
2293,4,pink triangle
2293,4,red oval
2294,1,red diamond
2294,5,purple oval
2295,6,red triangle
2296,7,blue diamond
2297,1,orange triangle
2297,2,yellow rectangle
2298,2,brown square
2299,4,yellow rectangle
2299,5,purple triangle
2300,1,orange star
2300,2,green star
2301,2,brown star
2302,7,yellow circle
2303,6,red diamond
2304,2,yellow oval
2305,6,purple square
2306,1,purple diamond
2306,4,green triangle
2307,6,green diamond
2307,2,pink circle
2308,1,pink square
2308,2,brown rectangle
2309,5,black circle
2309,4,pink triangle
2310,5,green circle
2311,1,white oval
2311,2,pink circle
2312,7,yellow square
2312,1,purple circle
2313,1,pink diamond
2313,4,orange oval
2314,1,purple diamond
2314,4,red square
2315,9,pink circle
2316,2,pink triangle
2316,2,blue square
2317,4,brown oval
2318,1,red triangle
2318,7,yellow star
2319,6,purple diamond
2319,2,white star
2320,5,white rectangle
2321,1,red square
2322,1,pink triangle
2322,2,orange triangle
2323,7,pink star
2324,2,purple oval
2324,1,red square
2325,4,brown rectangle
2326,3,brown oval
2327,1,red diamond
2327,8,orange triangle
2328,6,pink rectangle
2329,4,pink circle
2330,3,brown oval
2331,5,pink star
2332,5,orange square
2333,1,red triangle
2333,5,black rectangle
2334,4,white diamond
2335,5,red circle
2336,6,purple oval
2337,7,pink oval
2338,3,orange diamond
2338,4,yellow rectangle
2339,2,brown triangle
2339,3,brown square
2340,1,green diamond
2340,7,purple triangle
2341,6,white oval
2342,7,green square
2343,4,white star
2344,2,blue triangle
2344,1,red oval
2345,5,blue circle
2345,1,orange diamond
2346,6,blue diamond
2346,1,yellow triangle
2347,2,black rectangle
2347,1,pink diamond
2348,2,green oval
2348,2,green diamond
2349,6,blue square
2350,3,black triangle
2350,2,red square
2351,9,black star
2352,9,purple oval
2353,3,yellow diamond
2353,6,purple rectangle
2354,2,pink square
2354,6,green diamond
2355,3,red rectangle
2356,4,red square
2356,4,orange diamond
2357,6,brown rectangle
2358,1,orange diamond
2358,8,yellow oval
2359,1,black diamond
2360,4,green square
2361,5,blue triangle
2361,3,brown rectangle
2362,6,yellow oval
2363,7,green triangle
2364,7,purple diamond
2365,3,white rectangle
2365,2,orange triangle
2366,3,orange star
2366,2,orange oval
2367,2,black square
2367,6,purple diamond
2368,7,black rectangle
2368,2,yellow rectangle
2369,2,black circle
2370,1,orange square
2370,2,purple oval
2371,7,orange rectangle
2372,3,yellow square
2372,2,brown triangle
2373,1,green triangle
2373,6,black rectangle
2374,3,red square
2375,1,brown rectangle
2375,2,white diamond
2376,5,yellow square
2377,3,blue star
2377,3,orange oval
2378,3,purple diamond
2378,1,yellow square
2379,2,black oval
2379,1,orange diamond
2380,1,yellow circle
2381,1,white triangle
2381,4,pink rectangle
2382,4,brown square
2383,8,brown circle
2384,4,black diamond
2385,2,yellow square
2385,1,yellow rectangle
2386,4,orange circle
2386,5,red oval
2387,1,green diamond
2387,2,pink oval
2388,1,yellow diamond
2388,5,blue oval
2389,5,yellow triangle
2390,2,yellow square
2391,4,brown rectangle
2392,2,yellow circle
2393,5,white rectangle
2394,5,orange oval
2394,1,pink star
2395,3,pink rectangle
2395,3,pink circle
2396,5,red square
2396,2,white circle
2397,4,black star
2398,4,yellow oval
2398,1,red circle
2399,6,red rectangle
2400,7,brown square
2401,8,brown triangle
2402,1,blue rectangle
2402,4,purple circle
2403,2,black triangle
2403,2,red circle
2404,2,orange diamond
2405,4,white triangle
2406,3,red rectangle
2406,2,pink circle
2407,1,brown circle
2408,8,green star
2409,5,purple circle
2410,2,yellow circle
2411,3,yellow square
2412,1,black circle
2412,6,blue square
2413,2,purple circle
2413,3,brown circle
2414,4,white square
2415,2,purple diamond
2415,5,blue rectangle
2416,6,orange rectangle
2417,8,red circle
2418,5,blue triangle
2418,2,yellow star
2419,1,blue square
2420,1,red diamond
2420,2,black square
2421,9,yellow diamond
2422,4,black rectangle
2423,1,purple oval
2424,5,purple circle
2425,3,purple circle
2425,3,white triangle
2426,1,orange square
2426,2,brown triangle
2427,4,black circle
2428,2,orange star
2429,1,white rectangle
2429,6,pink diamond
2430,4,red square
2431,1,pink star
2431,2,blue rectangle
2432,2,brown rectangle
2432,6,brown triangle
2433,6,pink triangle
2434,2,green rectangle
2434,2,blue circle
2435,8,brown diamond
2436,3,yellow rectangle
2436,3,green rectangle
2437,8,red rectangle
2438,2,brown triangle
2438,1,green rectangle
2439,2,red square
2440,5,pink diamond
2440,1,brown triangle
2441,2,brown diamond
2441,7,yellow triangle
2442,2,pink square
2442,3,green rectangle
2443,6,black square
2444,1,blue circle
2444,3,orange rectangle
2445,7,black rectangle
2445,1,blue oval
2446,1,red star
2446,2,yellow star
2447,9,white star
2448,8,green oval
2449,6,white oval
2449,3,pink triangle
2450,4,green triangle
2451,2,green triangle
2452,8,orange diamond
2453,7,blue rectangle
2453,2,yellow rectangle
2454,9,red square
2455,1,purple star
2455,4,orange circle
2456,2,blue oval
2456,1,brown oval
2457,1,pink diamond
2457,3,purple triangle
2458,7,brown star
2459,1,orange triangle
2460,2,purple diamond
2461,8,blue star
2462,3,green triangle
2462,6,blue circle
2463,3,pink triangle
2463,1,red star
2464,2,red rectangle
2465,6,blue square
2466,2,orange diamond
2466,3,pink square
2467,4,green circle
2467,2,brown triangle
2468,2,purple square
2468,7,orange oval
2469,2,brown square
2470,2,yellow circle
2471,4,green oval
2471,1,brown circle
2472,5,orange circle
2473,2,white triangle
2473,3,green square
2474,1,white star
2475,1,black diamond
2475,5,red circle
2476,6,white square
2477,6,yellow oval
2478,2,purple square
2478,3,orange rectangle
2479,7,brown oval
2480,1,brown circle
2480,2,purple square
2481,2,blue square
2481,1,black diamond
2482,1,red oval
2482,7,black oval
2483,5,brown oval
2483,2,black triangle
2484,2,green diamond
2485,5,white circle
2486,7,purple circle
2487,1,purple star
2487,7,brown square
2488,1,orange oval
2488,8,green rectangle
2489,2,green triangle
2489,1,blue oval
2490,3,purple star
2491,2,blue diamond
2491,3,pink rectangle
2492,3,pink circle
2492,1,blue square
2493,9,blue rectangle
2494,8,brown circle
2495,8,orange oval
2496,1,purple square
2496,2,yellow triangle
2497,4,green diamond
2498,3,red oval
2499,8,orange star
2500,2,pink star
2500,2,brown circle
